Workbook
Name OTSQuery: 'GBG DASHBOARD'!$E$9
Name PlayerAltNames: 'Team Info From Paste'!$F$17:$J$17
Name PlayerMonsDropDown: 'Team Info From Paste'!$C$12:$C$18
Name MoveNames: 'Move Data TABLE'!$D$2:$D$6000
Name ReplayLinksTable: 'Replay Entries'!$B$7:$C$506
Name ReplayLinks: 'Replay Entries'!$C$7:$C$506
Name PokemonIcons: Icons!$B$2:$C$1251
Name Player2: 'Base Data'!$I$3:$I$502
Name BaseDataTable: 'Base Data'!$A$2:$EO$502
Name MatchupDataTableWithHeaders: OpponentData!$C$1:$H$402
Name MoveMons: 'Move Data TABLE'!$C$2:$C$6000
Name ELOQuery: 'GBG DASHBOARD'!$E$11
Name OppMonsUsed: 'Base Bo3 Data'!$DJ$3:$DM$501
Name Paste: Home!$G$8
Name LeadComboTable: 'Lead Combo Reporting'!$F$5:$J$20
Name GameResults: 'Base Bo3 Data'!$EG$3:$EG$502
Name RestrictedLegendaries: OpponentData!$J$19:$J$48
Name Player2PokemonBo3: 'Base Bo3 Data'!$K$3:$P$502
Name TeamName: 'Team Info From Paste'!$E$19
Name GameResultsTable: 'Base Data'!$EF$3:$EF$502
Name Paste: Home!$G$8
Name OppBackQuery: 'GBG DASHBOARD'!$E$4
Name OppLeadQuery: 'GBG DASHBOARD'!$E$3
Name Player1Name: 'Base Data'!$B$3:$B$502
Name PlayerUsedQuery: 'GBG DASHBOARD'!$E$5
Name Bo3data: 'Base Bo3 Data'!$A$2:$AG$502
Name OppMonsUsed: 'Base Data'!$DI$3:$DL$502
Name TypeIcons: Icons!$D$2:$E$20
Name SPD_RANGE: 'Training Steps'!$F$11
Name PlayerBackQuery: 'GBG DASHBOARD'!$E$7
Name MatchupDataTableNoHeaders: OpponentData!$C$2:$H$402
Name FilteredPlayerLeadTable: 'Filtered Lead Combo Reporting'!$A$5:$D$505
Name Player2Name: 'Base Bo3 Data'!$J$3:$J$502
Name GameResultsTableFiltered: 'GBG Filtered'!$B$2:$B$1000
Name WinPercentOTS: Report!$B$11
Name MoveCounts: 'Move Data TABLE'!$F$2:$F$6000
Name OppTeamQuery: 'GBG DASHBOARD'!$E$2
Name ActiveFilterDescriptions: 'GBG DASHBOARD'!$F$1:$F$11
Name OTSDropDown: 'GBG DASHBOARD'!$A$16:$A$18
Name SPE_RANGE: 'Training Steps'!$F$12
Name LeadComboTable: 'Filtered Lead Combo Reporting'!$F$5:$J$20
Name PlayerLeadQuery: 'GBG DASHBOARD'!$E$6
Name Player1: 'Base Bo3 Data'!$B$3:$B$502
Name ResultsDropdown: 'GBG DASHBOARD'!$A$12:$A$14
Name OppMonsOwned: 'Base Data'!$DZ$3:$EE$502
Name ResultQuery: 'GBG DASHBOARD'!$E$1
Name DEF_RANGE: 'Training Steps'!$F$9
Name BaseBo3Results: 'Base Bo3 Data'!$Q$3:$Q$501
Name HP_RANGE: 'Training Steps'!$F$7
Name Player1Pokemon: 'Base Data'!$C$3:$H$502
Name Results: 'Base Data'!$P$3:$P$502
Name WinPercentCTS: Report!$B$12
Name FormFixes: Forms!$A$2:$C$161
Name Player1PokemonSix: 'Base Bo3 Data'!$C$3:$I$502
Name WinPercent: Report!$B$10
Name Player2Pokemon: 'Base Data'!$J$3:$O$502
Name ATK_RANGE: 'Training Steps'!$F$8
Name SPA_RANGE: 'Training Steps'!$F$10
Name PlayerTeraQuery: 'GBG DASHBOARD'!$E$8
Name PlayerLeadTable: 'Lead Combo Reporting'!$A$5:$D$505

Sheet FAQ  Contact
C2: PALKIA Academy Showdown Reporting Spreadsheet
C3: A Project By Bauerdad and v0Lt
C5: =IMAGE("https://cdn-icons-png.flaticon.com/512/3670/3670157.png") -> #REF! | D5: Bauerdad | F5: Feel free to reach out to me via Discord if you have any questions or comments about this project!
C7: =IMAGE("https://cdn-icons-png.flaticon.com/512/3670/3670157.png") -> #REF! | D7: PALKIA Academy | F7: Support me on Ko-Fi
C8: =IMAGE("https://uploads-ssl.webflow.com/5c14e387dab576fe667689cf/64f1a9ddd0246590df69e9ef_ko-fi_logo_02-p-500.png") -> #REF! | D8: PASRS | H8: Ver 7.0, (APR 12, '26)
C11: Tips and Tricks
C12: * Be sure to use a consistent team and a paste to match (even nicknames) for every game! * When you're ready to make changes to your team, Make a new copy of this spreadsheet and start using the new paste there!
C17: Current Limitations
C18: * Pokepastes with fewer than 6 Pokémon are not supported * PASRS is only tested for VGC Doubles on Pokémon Showdown. Other formats are not supported. * Urshifu won't work on "Pokémon Used" filter, but DOES on the lead/back filter * Ditto is PARTIALLY supported (move charts will not work) * Zoroark replays can break if the illusion is removed by something other than an attack (e.g. Weezing)

Sheet Home
D2: PALKIA Academy Showdown Reporting Spreadsheet - V7.0 (Champions Ready) | K2: =Image("https://www.pokemon.com/static-assets/content-assets/cms2/img/video-games/video-games/pokemon_champions/pokemon-champions-logo-169.png") -> #REF!
C4: Step 1 - File -> Make a copy (you cannot edit this file directly)
C6: Step 2 - Put your Showdown Name(s) Here → | G6: Bauerdad
C8: Step 3 - Put your Team Pokepaste Here → | G8: https://pokepast.es/93b3bf538407c484
D10: =Errors!E2 | H10: =TeamName -> WyatVGC's Floette Charizard-Y Team QBXKWXL05U
C11: =Errors!F2 | H11: =VLOOKUP('Team Info From Paste'!D2, PokemonIcons, 2, False) -> #REF! | I11: =VLOOKUP('Team Info From Paste'!D3, PokemonIcons, 2, False) -> #REF! | J11: =VLOOKUP('Team Info From Paste'!D4, PokemonIcons, 2, False) -> #REF!
H12: =VLOOKUP('Team Info From Paste'!D5, PokemonIcons, 2, False) -> #REF! | I12: =VLOOKUP('Team Info From Paste'!D6, PokemonIcons, 2, False) -> #REF! | J12: =VLOOKUP('Team Info From Paste'!D7, PokemonIcons, 2, False) -> #REF!
C14: Step 4 - Add your replay links to the | F14: Replay Entries | H14: Tab and PASRS does the rest!

Sheet Replay Entries
D2: PALKIA Academy Showdown Reporting Spreadsheet - V7.0
C3: =Errors!E2 & IF((Errors!E2 <> ""), " - ", "") & Errors!F2
C4: Jump To: | D4: Games Stats | E4: Match Stats | G4: Matchup Data | J4: Move Usage | N4: FAQ/Contact Page
C6: Game Links Below | H6: Opposing Team | N6: Notes
B7: 1 | F7: =IF(COUNTIF(ReplayLinks,C7) > 1, "DUPE", "") | G7: =IF('GBG Data'!C2 <> "", IF('GBG Data'!C2 = "Loss", "L", IF('GBG Data'!C2 = "Win", "W")), "") | H7: =IF('Base Data'!DZ3 <> "", VLOOKUP(IFERROR(VLOOKUP('Base Data'!DZ3, FormFixes, 2, false), 'Base Data'!DZ3), PokemonIcons, 2, False), "") | I7: =IF('Base Data'!EA3 <> "", VLOOKUP(IFERROR(VLOOKUP('Base Data'!EA3, FormFixes, 2, false), 'Base Data'!EA3), PokemonIcons, 2, False), "") | J7: =IF('Base Data'!EB3 <> "", VLOOKUP(IFERROR(VLOOKUP('Base Data'!EB3, FormFixes, 2, false), 'Base Data'!EB3), PokemonIcons, 2, False), "") | K7: =IF('Base Data'!EC3 <> "", VLOOKUP(IFERROR(VLOOKUP('Base Data'!EC3, FormFixes, 2, false), 'Base Data'!EC3), PokemonIcons, 2, False), "") | L7: =IF('Base Data'!ED3 <> "", VLOOKUP(IFERROR(VLOOKUP('Base Data'!ED3, FormFixes, 2, false), 'Base Data'!ED3), PokemonIcons, 2, False), "") | M7: =IF('Base Data'!EE3 <> "", VLOOKUP(IFERROR(VLOOKUP('Base Data'!EE3, FormFixes, 2, false), 'Base Data'!EE3), PokemonIcons, 2, False), "")
B8: 2 | F8: =IF(COUNTIF(ReplayLinks,C8) > 1, "DUPE", "") | G8: =IF('GBG Data'!C3 <> "", IF('GBG Data'!C3 = "Loss", "L", IF('GBG Data'!C3 = "Win", "W")), "") | H8: =IF('Base Data'!DZ4 <> "", VLOOKUP(IFERROR(VLOOKUP('Base Data'!DZ4, FormFixes, 2, false), 'Base Data'!DZ4), PokemonIcons, 2, False), "") | I8: =IF('Base Data'!EA4 <> "", VLOOKUP(IFERROR(VLOOKUP('Base Data'!EA4, FormFixes, 2, false), 'Base Data'!EA4), PokemonIcons, 2, False), "") | J8: =IF('Base Data'!EB4 <> "", VLOOKUP(IFERROR(VLOOKUP('Base Data'!EB4, FormFixes, 2, false), 'Base Data'!EB4), PokemonIcons, 2, False), "") | K8: =IF('Base Data'!EC4 <> "", VLOOKUP(IFERROR(VLOOKUP('Base Data'!EC4, FormFixes, 2, false), 'Base Data'!EC4), PokemonIcons, 2, False), "") | L8: =IF('Base Data'!ED4 <> "", VLOOKUP(IFERROR(VLOOKUP('Base Data'!ED4, FormFixes, 2, false), 'Base Data'!ED4), PokemonIcons, 2, False), "") | M8: =IF('Base Data'!EE4 <> "", VLOOKUP(IFERROR(VLOOKUP('Base Data'!EE4, FormFixes, 2, false), 'Base Data'!EE4), PokemonIcons, 2, False), "")
B9: 3 | F9: =IF(COUNTIF(ReplayLinks,C9) > 1, "DUPE", "") | G9: =IF('GBG Data'!C4 <> "", IF('GBG Data'!C4 = "Loss", "L", IF('GBG Data'!C4 = "Win", "W")), "") | H9: =IF('Base Data'!DZ5 <> "", VLOOKUP(IFERROR(VLOOKUP('Base Data'!DZ5, FormFixes, 2, false), 'Base Data'!DZ5), PokemonIcons, 2, False), "") | I9: =IF('Base Data'!EA5 <> "", VLOOKUP(IFERROR(VLOOKUP('Base Data'!EA5, FormFixes, 2, false), 'Base Data'!EA5), PokemonIcons, 2, False), "") | J9: =IF('Base Data'!EB5 <> "", VLOOKUP(IFERROR(VLOOKUP('Base Data'!EB5, FormFixes, 2, false), 'Base Data'!EB5), PokemonIcons, 2, False), "") | K9: =IF('Base Data'!EC5 <> "", VLOOKUP(IFERROR(VLOOKUP('Base Data'!EC5, FormFixes, 2, false), 'Base Data'!EC5), PokemonIcons, 2, False), "") | L9: =IF('Base Data'!ED5 <> "", VLOOKUP(IFERROR(VLOOKUP('Base Data'!ED5, FormFixes, 2, false), 'Base Data'!ED5), PokemonIcons, 2, False), "") | M9: =IF('Base Data'!EE5 <> "", VLOOKUP(IFERROR(VLOOKUP('Base Data'!EE5, FormFixes, 2, false), 'Base Data'!EE5), PokemonIcons, 2, False), "")
B10: 4 | F10: =IF(COUNTIF(ReplayLinks,C10) > 1, "DUPE", "") | G10: =IF('GBG Data'!C5 <> "", IF('GBG Data'!C5 = "Loss", "L", IF('GBG Data'!C5 = "Win", "W")), "") | H10: =IF('Base Data'!DZ6 <> "", VLOOKUP(IFERROR(VLOOKUP('Base Data'!DZ6, FormFixes, 2, false), 'Base Data'!DZ6), PokemonIcons, 2, False), "") | I10: =IF('Base Data'!EA6 <> "", VLOOKUP(IFERROR(VLOOKUP('Base Data'!EA6, FormFixes, 2, false), 'Base Data'!EA6), PokemonIcons, 2, False), "") | J10: =IF('Base Data'!EB6 <> "", VLOOKUP(IFERROR(VLOOKUP('Base Data'!EB6, FormFixes, 2, false), 'Base Data'!EB6), PokemonIcons, 2, False), "") | K10: =IF('Base Data'!EC6 <> "", VLOOKUP(IFERROR(VLOOKUP('Base Data'!EC6, FormFixes, 2, false), 'Base Data'!EC6), PokemonIcons, 2, False), "") | L10: =IF('Base Data'!ED6 <> "", VLOOKUP(IFERROR(VLOOKUP('Base Data'!ED6, FormFixes, 2, false), 'Base Data'!ED6), PokemonIcons, 2, False), "") | M10: =IF('Base Data'!EE6 <> "", VLOOKUP(IFERROR(VLOOKUP('Base Data'!EE6, FormFixes, 2, false), 'Base Data'!EE6), PokemonIcons, 2, False), "")
B11: 5 | F11: =IF(COUNTIF(ReplayLinks,C11) > 1, "DUPE", "") | G11: =IF('GBG Data'!C6 <> "", IF('GBG Data'!C6 = "Loss", "L", IF('GBG Data'!C6 = "Win", "W")), "") | H11: =IF('Base Data'!DZ7 <> "", VLOOKUP(IFERROR(VLOOKUP('Base Data'!DZ7, FormFixes, 2, false), 'Base Data'!DZ7), PokemonIcons, 2, False), "") | I11: =IF('Base Data'!EA7 <> "", VLOOKUP(IFERROR(VLOOKUP('Base Data'!EA7, FormFixes, 2, false), 'Base Data'!EA7), PokemonIcons, 2, False), "") | J11: =IF('Base Data'!EB7 <> "", VLOOKUP(IFERROR(VLOOKUP('Base Data'!EB7, FormFixes, 2, false), 'Base Data'!EB7), PokemonIcons, 2, False), "") | K11: =IF('Base Data'!EC7 <> "", VLOOKUP(IFERROR(VLOOKUP('Base Data'!EC7, FormFixes, 2, false), 'Base Data'!EC7), PokemonIcons, 2, False), "") | L11: =IF('Base Data'!ED7 <> "", VLOOKUP(IFERROR(VLOOKUP('Base Data'!ED7, FormFixes, 2, false), 'Base Data'!ED7), PokemonIcons, 2, False), "") | M11: =IF('Base Data'!EE7 <> "", VLOOKUP(IFERROR(VLOOKUP('Base Data'!EE7, FormFixes, 2, false), 'Base Data'!EE7), PokemonIcons, 2, False), "")
B12: 6 | F12: =IF(COUNTIF(ReplayLinks,C12) > 1, "DUPE", "") | G12: =IF('GBG Data'!C7 <> "", IF('GBG Data'!C7 = "Loss", "L", IF('GBG Data'!C7 = "Win", "W")), "") | H12: =IF('Base Data'!DZ8 <> "", VLOOKUP(IFERROR(VLOOKUP('Base Data'!DZ8, FormFixes, 2, false), 'Base Data'!DZ8), PokemonIcons, 2, False), "") | I12: =IF('Base Data'!EA8 <> "", VLOOKUP(IFERROR(VLOOKUP('Base Data'!EA8, FormFixes, 2, false), 'Base Data'!EA8), PokemonIcons, 2, False), "") | J12: =IF('Base Data'!EB8 <> "", VLOOKUP(IFERROR(VLOOKUP('Base Data'!EB8, FormFixes, 2, false), 'Base Data'!EB8), PokemonIcons, 2, False), "") | K12: =IF('Base Data'!EC8 <> "", VLOOKUP(IFERROR(VLOOKUP('Base Data'!EC8, FormFixes, 2, false), 'Base Data'!EC8), PokemonIcons, 2, False), "") | L12: =IF('Base Data'!ED8 <> "", VLOOKUP(IFERROR(VLOOKUP('Base Data'!ED8, FormFixes, 2, false), 'Base Data'!ED8), PokemonIcons, 2, False), "") | M12: =IF('Base Data'!EE8 <> "", VLOOKUP(IFERROR(VLOOKUP('Base Data'!EE8, FormFixes, 2, false), 'Base Data'!EE8), PokemonIcons, 2, False), "")
B13: 7 | F13: =IF(COUNTIF(ReplayLinks,C13) > 1, "DUPE", "") | G13: =IF('GBG Data'!C8 <> "", IF('GBG Data'!C8 = "Loss", "L", IF('GBG Data'!C8 = "Win", "W")), "") | H13: =IF('Base Data'!DZ9 <> "", VLOOKUP(IFERROR(VLOOKUP('Base Data'!DZ9, FormFixes, 2, false), 'Base Data'!DZ9), PokemonIcons, 2, False), "") | I13: =IF('Base Data'!EA9 <> "", VLOOKUP(IFERROR(VLOOKUP('Base Data'!EA9, FormFixes, 2, false), 'Base Data'!EA9), PokemonIcons, 2, False), "") | J13: =IF('Base Data'!EB9 <> "", VLOOKUP(IFERROR(VLOOKUP('Base Data'!EB9, FormFixes, 2, false), 'Base Data'!EB9), PokemonIcons, 2, False), "") | K13: =IF('Base Data'!EC9 <> "", VLOOKUP(IFERROR(VLOOKUP('Base Data'!EC9, FormFixes, 2, false), 'Base Data'!EC9), PokemonIcons, 2, False), "") | L13: =IF('Base Data'!ED9 <> "", VLOOKUP(IFERROR(VLOOKUP('Base Data'!ED9, FormFixes, 2, false), 'Base Data'!ED9), PokemonIcons, 2, False), "") | M13: =IF('Base Data'!EE9 <> "", VLOOKUP(IFERROR(VLOOKUP('Base Data'!EE9, FormFixes, 2, false), 'Base Data'!EE9), PokemonIcons, 2, False), "")
B14: 8 | F14: =IF(COUNTIF(ReplayLinks,C14) > 1, "DUPE", "") | G14: =IF('GBG Data'!C9 <> "", IF('GBG Data'!C9 = "Loss", "L", IF('GBG Data'!C9 = "Win", "W")), "") | H14: =IF('Base Data'!DZ10 <> "", VLOOKUP(IFERROR(VLOOKUP('Base Data'!DZ10, FormFixes, 2, false), 'Base Data'!DZ10), PokemonIcons, 2, False), "") | I14: =IF('Base Data'!EA10 <> "", VLOOKUP(IFERROR(VLOOKUP('Base Data'!EA10, FormFixes, 2, false), 'Base Data'!EA10), PokemonIcons, 2, False), "") | J14: =IF('Base Data'!EB10 <> "", VLOOKUP(IFERROR(VLOOKUP('Base Data'!EB10, FormFixes, 2, false), 'Base Data'!EB10), PokemonIcons, 2, False), "") | K14: =IF('Base Data'!EC10 <> "", VLOOKUP(IFERROR(VLOOKUP('Base Data'!EC10, FormFixes, 2, false), 'Base Data'!EC10), PokemonIcons, 2, False), "") | L14: =IF('Base Data'!ED10 <> "", VLOOKUP(IFERROR(VLOOKUP('Base Data'!ED10, FormFixes, 2, false), 'Base Data'!ED10), PokemonIcons, 2, False), "") | M14: =IF('Base Data'!EE10 <> "", VLOOKUP(IFERROR(VLOOKUP('Base Data'!EE10, FormFixes, 2, false), 'Base Data'!EE10), PokemonIcons, 2, False), "")
B15: 9 | F15: =IF(COUNTIF(ReplayLinks,C15) > 1, "DUPE", "") | G15: =IF('GBG Data'!C10 <> "", IF('GBG Data'!C10 = "Loss", "L", IF('GBG Data'!C10 = "Win", "W")), "") | H15: =IF('Base Data'!DZ11 <> "", VLOOKUP(IFERROR(VLOOKUP('Base Data'!DZ11, FormFixes, 2, false), 'Base Data'!DZ11), PokemonIcons, 2, False), "") | I15: =IF('Base Data'!EA11 <> "", VLOOKUP(IFERROR(VLOOKUP('Base Data'!EA11, FormFixes, 2, false), 'Base Data'!EA11), PokemonIcons, 2, False), "") | J15: =IF('Base Data'!EB11 <> "", VLOOKUP(IFERROR(VLOOKUP('Base Data'!EB11, FormFixes, 2, false), 'Base Data'!EB11), PokemonIcons, 2, False), "") | K15: =IF('Base Data'!EC11 <> "", VLOOKUP(IFERROR(VLOOKUP('Base Data'!EC11, FormFixes, 2, false), 'Base Data'!EC11), PokemonIcons, 2, False), "") | L15: =IF('Base Data'!ED11 <> "", VLOOKUP(IFERROR(VLOOKUP('Base Data'!ED11, FormFixes, 2, false), 'Base Data'!ED11), PokemonIcons, 2, False), "") | M15: =IF('Base Data'!EE11 <> "", VLOOKUP(IFERROR(VLOOKUP('Base Data'!EE11, FormFixes, 2, false), 'Base Data'!EE11), PokemonIcons, 2, False), "")
B16: 10 | F16: =IF(COUNTIF(ReplayLinks,C16) > 1, "DUPE", "") | G16: =IF('GBG Data'!C11 <> "", IF('GBG Data'!C11 = "Loss", "L", IF('GBG Data'!C11 = "Win", "W")), "") | H16: =IF('Base Data'!DZ12 <> "", VLOOKUP(IFERROR(VLOOKUP('Base Data'!DZ12, FormFixes, 2, false), 'Base Data'!DZ12), PokemonIcons, 2, False), "") | I16: =IF('Base Data'!EA12 <> "", VLOOKUP(IFERROR(VLOOKUP('Base Data'!EA12, FormFixes, 2, false), 'Base Data'!EA12), PokemonIcons, 2, False), "") | J16: =IF('Base Data'!EB12 <> "", VLOOKUP(IFERROR(VLOOKUP('Base Data'!EB12, FormFixes, 2, false), 'Base Data'!EB12), PokemonIcons, 2, False), "") | K16: =IF('Base Data'!EC12 <> "", VLOOKUP(IFERROR(VLOOKUP('Base Data'!EC12, FormFixes, 2, false), 'Base Data'!EC12), PokemonIcons, 2, False), "") | L16: =IF('Base Data'!ED12 <> "", VLOOKUP(IFERROR(VLOOKUP('Base Data'!ED12, FormFixes, 2, false), 'Base Data'!ED12), PokemonIcons, 2, False), "") | M16: =IF('Base Data'!EE12 <> "", VLOOKUP(IFERROR(VLOOKUP('Base Data'!EE12, FormFixes, 2, false), 'Base Data'!EE12), PokemonIcons, 2, False), "")
B17: 11 | F17: =IF(COUNTIF(ReplayLinks,C17) > 1, "DUPE", "") | G17: =IF('GBG Data'!C12 <> "", IF('GBG Data'!C12 = "Loss", "L", IF('GBG Data'!C12 = "Win", "W")), "") | H17: =IF('Base Data'!DZ13 <> "", VLOOKUP(IFERROR(VLOOKUP('Base Data'!DZ13, FormFixes, 2, false), 'Base Data'!DZ13), PokemonIcons, 2, False), "") | I17: =IF('Base Data'!EA13 <> "", VLOOKUP(IFERROR(VLOOKUP('Base Data'!EA13, FormFixes, 2, false), 'Base Data'!EA13), PokemonIcons, 2, False), "") | J17: =IF('Base Data'!EB13 <> "", VLOOKUP(IFERROR(VLOOKUP('Base Data'!EB13, FormFixes, 2, false), 'Base Data'!EB13), PokemonIcons, 2, False), "") | K17: =IF('Base Data'!EC13 <> "", VLOOKUP(IFERROR(VLOOKUP('Base Data'!EC13, FormFixes, 2, false), 'Base Data'!EC13), PokemonIcons, 2, False), "") | L17: =IF('Base Data'!ED13 <> "", VLOOKUP(IFERROR(VLOOKUP('Base Data'!ED13, FormFixes, 2, false), 'Base Data'!ED13), PokemonIcons, 2, False), "") | M17: =IF('Base Data'!EE13 <> "", VLOOKUP(IFERROR(VLOOKUP('Base Data'!EE13, FormFixes, 2, false), 'Base Data'!EE13), PokemonIcons, 2, False), "")
B18: 12 | F18: =IF(COUNTIF(ReplayLinks,C18) > 1, "DUPE", "") | G18: =IF('GBG Data'!C13 <> "", IF('GBG Data'!C13 = "Loss", "L", IF('GBG Data'!C13 = "Win", "W")), "") | H18: =IF('Base Data'!DZ14 <> "", VLOOKUP(IFERROR(VLOOKUP('Base Data'!DZ14, FormFixes, 2, false), 'Base Data'!DZ14), PokemonIcons, 2, False), "") | I18: =IF('Base Data'!EA14 <> "", VLOOKUP(IFERROR(VLOOKUP('Base Data'!EA14, FormFixes, 2, false), 'Base Data'!EA14), PokemonIcons, 2, False), "") | J18: =IF('Base Data'!EB14 <> "", VLOOKUP(IFERROR(VLOOKUP('Base Data'!EB14, FormFixes, 2, false), 'Base Data'!EB14), PokemonIcons, 2, False), "") | K18: =IF('Base Data'!EC14 <> "", VLOOKUP(IFERROR(VLOOKUP('Base Data'!EC14, FormFixes, 2, false), 'Base Data'!EC14), PokemonIcons, 2, False), "") | L18: =IF('Base Data'!ED14 <> "", VLOOKUP(IFERROR(VLOOKUP('Base Data'!ED14, FormFixes, 2, false), 'Base Data'!ED14), PokemonIcons, 2, False), "") | M18: =IF('Base Data'!EE14 <> "", VLOOKUP(IFERROR(VLOOKUP('Base Data'!EE14, FormFixes, 2, false), 'Base Data'!EE14), PokemonIcons, 2, False), "")
... B506: 500 | F506: =IF(COUNTIF(ReplayLinks,C506) > 1, "DUPE", "") | G506: =IF('GBG Data'!C501 <> "", IF('GBG Data'!C501 = "Loss", "L", IF('GBG Data'!C501 = "Win", "W")), "") | H506: =IF('Base Data'!DZ502 <> "", VLOOKUP(IFERROR(VLOOKUP('Base Data'!DZ502, FormFixes, 2, false), 'Base Data'!DZ502), PokemonIcons, 2, False), "") | I506: =IF('Base Data'!EA502 <> "", VLOOKUP(IFERROR(VLOOKUP('Base Data'!EA502, FormFixes, 2, false), 'Base Data'!EA502), PokemonIcons, 2, False), "") | J506: =IF('Base Data'!EB502 <> "", VLOOKUP(IFERROR(VLOOKUP('Base Data'!EB502, FormFixes, 2, false), 'Base Data'!EB502), PokemonIcons, 2, False), "") | K506: =IF('Base Data'!EC502 <> "", VLOOKUP(IFERROR(VLOOKUP('Base Data'!EC502, FormFixes, 2, false), 'Base Data'!EC502), PokemonIcons, 2, False), "") | L506: =IF('Base Data'!ED502 <> "", VLOOKUP(IFERROR(VLOOKUP('Base Data'!ED502, FormFixes, 2, false), 'Base Data'!ED502), PokemonIcons, 2, False), "") | M506: =IF('Base Data'!EE502 <> "", VLOOKUP(IFERROR(VLOOKUP('Base Data'!EE502, FormFixes, 2, false), 'Base Data'!EE502), PokemonIcons, 2, False), "")

Sheet Game By Game
B1: ← Hit the + to filter your games! | AE1: Press the [ - ] to collapse
P2: Player | U2: Opponent
P3: Lead | Q3: -any- | U3: Lead | V3: -any-
C4: Result | E4: -any- | G4: Opposing Pokémon | J4: -any- | P4: Back | Q4: -any- | U4: Back | V4: -any- | AA4: -any- | AE4: -any- | AF4: Min Elo: | AG4: -any-
AA5: Mega | AE5: OTS? | AF5: ELO
B7: Game | C7: Result | F7: Replay Links | G7: Opposing Team | P7: Your Picks | U7: Their Picks | AA7: You | AC7: Opp | AF7: You | AG7: Opp
B8: ='GBG Filtered'!A2 | C8: ='GBG Filtered'!B2 | D8: ='GBG Filtered'!C2 | E8: ='GBG Filtered'!D2 | F8: =IF(B8 <> "", HYPERLINK(VLOOKUP( VALUE(B8), ReplayLinksTable, 2, false), "Replay"), "") | G8: =IF('GBG Filtered'!E2 <> "", VLOOKUP(IFERROR(VLOOKUP('GBG Filtered'!E2, FormFixes, 2, false), 'GBG Filtered'!E2), PokemonIcons, 2, False), "") | H8: =IF('GBG Filtered'!F2 <> "", VLOOKUP(IFERROR(VLOOKUP('GBG Filtered'!F2, FormFixes, 2, false), 'GBG Filtered'!F2), PokemonIcons, 2, False), "") | I8: =IF('GBG Filtered'!G2 <> "", VLOOKUP(IFERROR(VLOOKUP('GBG Filtered'!G2, FormFixes, 2, false), 'GBG Filtered'!G2), PokemonIcons, 2, False), "") | J8: =IF('GBG Filtered'!H2 <> "", VLOOKUP(IFERROR(VLOOKUP('GBG Filtered'!H2, FormFixes, 2, false), 'GBG Filtered'!H2), PokemonIcons, 2, False), "") | K8: =IF('GBG Filtered'!I2 <> "", VLOOKUP(IFERROR(VLOOKUP('GBG Filtered'!I2, FormFixes, 2, false), 'GBG Filtered'!I2), PokemonIcons, 2, False), "") | L8: =IF('GBG Filtered'!J2 <> "", VLOOKUP(IFERROR(VLOOKUP('GBG Filtered'!J2, FormFixes, 2, false), 'GBG Filtered'!J2), PokemonIcons, 2, False), "") | P8: =IF('GBG Filtered'!N2 <> "", VLOOKUP(IFERROR(VLOOKUP('GBG Filtered'!N2, FormFixes, 2, false), 'GBG Filtered'!N2), PokemonIcons, 2, False), "") | Q8: =IF('GBG Filtered'!O2 <> "", VLOOKUP(IFERROR(VLOOKUP('GBG Filtered'!O2, FormFixes, 2, false), 'GBG Filtered'!O2), PokemonIcons, 2, False), "") | R8: =IF('GBG Filtered'!P2 <> "", VLOOKUP(IFERROR(VLOOKUP('GBG Filtered'!P2, FormFixes, 2, false), 'GBG Filtered'!P2), PokemonIcons, 2, False), "") | S8: =IF('GBG Filtered'!Q2 <> "", VLOOKUP(IFERROR(VLOOKUP('GBG Filtered'!Q2, FormFixes, 2, false), 'GBG Filtered'!Q2), PokemonIcons, 2, False), "") | U8: =IF('GBG Filtered'!S2 <> "", VLOOKUP(IFERROR(VLOOKUP('GBG Filtered'!S2, FormFixes, 2, false), 'GBG Filtered'!S2), PokemonIcons, 2, False), "") | V8: =IF('GBG Filtered'!T2 <> "", VLOOKUP(IFERROR(VLOOKUP('GBG Filtered'!T2, FormFixes, 2, false), 'GBG Filtered'!T2), PokemonIcons, 2, False), "") | W8: =IF('GBG Filtered'!U2 <> "", VLOOKUP(IFERROR(VLOOKUP('GBG Filtered'!U2, FormFixes, 2, false), 'GBG Filtered'!U2), PokemonIcons, 2, False), "") | X8: =IF('GBG Filtered'!V2 <> "", VLOOKUP(IFERROR(VLOOKUP('GBG Filtered'!V2, FormFixes, 2, false), 'GBG Filtered'!V2), PokemonIcons, 2, False), "") | AA8: =IF('GBG Filtered'!Y2 <> "", VLOOKUP(IFERROR(VLOOKUP('GBG Filtered'!Y2, FormFixes, 2, false), 'GBG Filtered'!Y2), PokemonIcons, 2, False), "") | AB8: =IF('GBG Filtered'!Z2 <> "", VLOOKUP('GBG Filtered'!Z2, TypeIcons, 2, False), "") | AC8: =IF('GBG Filtered'!AA2 <> "", VLOOKUP(IFERROR(VLOOKUP('GBG Filtered'!AA2, FormFixes, 2, false), 'GBG Filtered'!AA2), PokemonIcons, 2, False), "") | AD8: =IF('GBG Filtered'!AB2 <> "", VLOOKUP('GBG Filtered'!AB2, TypeIcons, 2, False), "") | AE8: ='GBG Filtered'!AC2 | AF8: ='GBG Filtered'!AD2 | AG8: ='GBG Filtered'!AE2
B9: ='GBG Filtered'!A3 | C9: ='GBG Filtered'!B3 | D9: ='GBG Filtered'!C3 | E9: ='GBG Filtered'!D3 | F9: =IF(B9 <> "", HYPERLINK(VLOOKUP( VALUE(B9), ReplayLinksTable, 2, false), "Replay"), "") | G9: =IF('GBG Filtered'!E3 <> "", VLOOKUP(IFERROR(VLOOKUP('GBG Filtered'!E3, FormFixes, 2, false), 'GBG Filtered'!E3), PokemonIcons, 2, False), "") | H9: =IF('GBG Filtered'!F3 <> "", VLOOKUP(IFERROR(VLOOKUP('GBG Filtered'!F3, FormFixes, 2, false), 'GBG Filtered'!F3), PokemonIcons, 2, False), "") | I9: =IF('GBG Filtered'!G3 <> "", VLOOKUP(IFERROR(VLOOKUP('GBG Filtered'!G3, FormFixes, 2, false), 'GBG Filtered'!G3), PokemonIcons, 2, False), "") | J9: =IF('GBG Filtered'!H3 <> "", VLOOKUP(IFERROR(VLOOKUP('GBG Filtered'!H3, FormFixes, 2, false), 'GBG Filtered'!H3), PokemonIcons, 2, False), "") | K9: =IF('GBG Filtered'!I3 <> "", VLOOKUP(IFERROR(VLOOKUP('GBG Filtered'!I3, FormFixes, 2, false), 'GBG Filtered'!I3), PokemonIcons, 2, False), "") | L9: =IF('GBG Filtered'!J3 <> "", VLOOKUP(IFERROR(VLOOKUP('GBG Filtered'!J3, FormFixes, 2, false), 'GBG Filtered'!J3), PokemonIcons, 2, False), "") | P9: =IF('GBG Filtered'!N3 <> "", VLOOKUP(IFERROR(VLOOKUP('GBG Filtered'!N3, FormFixes, 2, false), 'GBG Filtered'!N3), PokemonIcons, 2, False), "") | Q9: =IF('GBG Filtered'!O3 <> "", VLOOKUP(IFERROR(VLOOKUP('GBG Filtered'!O3, FormFixes, 2, false), 'GBG Filtered'!O3), PokemonIcons, 2, False), "") | R9: =IF('GBG Filtered'!P3 <> "", VLOOKUP(IFERROR(VLOOKUP('GBG Filtered'!P3, FormFixes, 2, false), 'GBG Filtered'!P3), PokemonIcons, 2, False), "") | S9: =IF('GBG Filtered'!Q3 <> "", VLOOKUP(IFERROR(VLOOKUP('GBG Filtered'!Q3, FormFixes, 2, false), 'GBG Filtered'!Q3), PokemonIcons, 2, False), "") | U9: =IF('GBG Filtered'!S3 <> "", VLOOKUP(IFERROR(VLOOKUP('GBG Filtered'!S3, FormFixes, 2, false), 'GBG Filtered'!S3), PokemonIcons, 2, False), "") | V9: =IF('GBG Filtered'!T3 <> "", VLOOKUP(IFERROR(VLOOKUP('GBG Filtered'!T3, FormFixes, 2, false), 'GBG Filtered'!T3), PokemonIcons, 2, False), "") | W9: =IF('GBG Filtered'!U3 <> "", VLOOKUP(IFERROR(VLOOKUP('GBG Filtered'!U3, FormFixes, 2, false), 'GBG Filtered'!U3), PokemonIcons, 2, False), "") | X9: =IF('GBG Filtered'!V3 <> "", VLOOKUP(IFERROR(VLOOKUP('GBG Filtered'!V3, FormFixes, 2, false), 'GBG Filtered'!V3), PokemonIcons, 2, False), "") | AA9: =IF('GBG Filtered'!Y3 <> "", VLOOKUP(IFERROR(VLOOKUP('GBG Filtered'!Y3, FormFixes, 2, false), 'GBG Filtered'!Y3), PokemonIcons, 2, False), "") | AB9: =IF('GBG Filtered'!Z3 <> "", VLOOKUP('GBG Filtered'!Z3, TypeIcons, 2, False), "") | AC9: =IF('GBG Filtered'!AA3 <> "", VLOOKUP(IFERROR(VLOOKUP('GBG Filtered'!AA3, FormFixes, 2, false), 'GBG Filtered'!AA3), PokemonIcons, 2, False), "") | AD9: =IF('GBG Filtered'!AB3 <> "", VLOOKUP('GBG Filtered'!AB3, TypeIcons, 2, False), "") | AE9: ='GBG Filtered'!AC3 | AF9: ='GBG Filtered'!AD3 | AG9: ='GBG Filtered'!AE3
B10: ='GBG Filtered'!A4 | C10: ='GBG Filtered'!B4 | D10: ='GBG Filtered'!C4 | E10: ='GBG Filtered'!D4 | F10: =IF(B10 <> "", HYPERLINK(VLOOKUP( VALUE(B10), ReplayLinksTable, 2, false), "Replay"), "") | G10: =IF('GBG Filtered'!E4 <> "", VLOOKUP(IFERROR(VLOOKUP('GBG Filtered'!E4, FormFixes, 2, false), 'GBG Filtered'!E4), PokemonIcons, 2, False), "") | H10: =IF('GBG Filtered'!F4 <> "", VLOOKUP(IFERROR(VLOOKUP('GBG Filtered'!F4, FormFixes, 2, false), 'GBG Filtered'!F4), PokemonIcons, 2, False), "") | I10: =IF('GBG Filtered'!G4 <> "", VLOOKUP(IFERROR(VLOOKUP('GBG Filtered'!G4, FormFixes, 2, false), 'GBG Filtered'!G4), PokemonIcons, 2, False), "") | J10: =IF('GBG Filtered'!H4 <> "", VLOOKUP(IFERROR(VLOOKUP('GBG Filtered'!H4, FormFixes, 2, false), 'GBG Filtered'!H4), PokemonIcons, 2, False), "") | K10: =IF('GBG Filtered'!I4 <> "", VLOOKUP(IFERROR(VLOOKUP('GBG Filtered'!I4, FormFixes, 2, false), 'GBG Filtered'!I4), PokemonIcons, 2, False), "") | L10: =IF('GBG Filtered'!J4 <> "", VLOOKUP(IFERROR(VLOOKUP('GBG Filtered'!J4, FormFixes, 2, false), 'GBG Filtered'!J4), PokemonIcons, 2, False), "") | P10: =IF('GBG Filtered'!N4 <> "", VLOOKUP(IFERROR(VLOOKUP('GBG Filtered'!N4, FormFixes, 2, false), 'GBG Filtered'!N4), PokemonIcons, 2, False), "") | Q10: =IF('GBG Filtered'!O4 <> "", VLOOKUP(IFERROR(VLOOKUP('GBG Filtered'!O4, FormFixes, 2, false), 'GBG Filtered'!O4), PokemonIcons, 2, False), "") | R10: =IF('GBG Filtered'!P4 <> "", VLOOKUP(IFERROR(VLOOKUP('GBG Filtered'!P4, FormFixes, 2, false), 'GBG Filtered'!P4), PokemonIcons, 2, False), "") | S10: =IF('GBG Filtered'!Q4 <> "", VLOOKUP(IFERROR(VLOOKUP('GBG Filtered'!Q4, FormFixes, 2, false), 'GBG Filtered'!Q4), PokemonIcons, 2, False), "") | U10: =IF('GBG Filtered'!S4 <> "", VLOOKUP(IFERROR(VLOOKUP('GBG Filtered'!S4, FormFixes, 2, false), 'GBG Filtered'!S4), PokemonIcons, 2, False), "") | V10: =IF('GBG Filtered'!T4 <> "", VLOOKUP(IFERROR(VLOOKUP('GBG Filtered'!T4, FormFixes, 2, false), 'GBG Filtered'!T4), PokemonIcons, 2, False), "") | W10: =IF('GBG Filtered'!U4 <> "", VLOOKUP(IFERROR(VLOOKUP('GBG Filtered'!U4, FormFixes, 2, false), 'GBG Filtered'!U4), PokemonIcons, 2, False), "") | X10: =IF('GBG Filtered'!V4 <> "", VLOOKUP(IFERROR(VLOOKUP('GBG Filtered'!V4, FormFixes, 2, false), 'GBG Filtered'!V4), PokemonIcons, 2, False), "") | AA10: =IF('GBG Filtered'!Y4 <> "", VLOOKUP(IFERROR(VLOOKUP('GBG Filtered'!Y4, FormFixes, 2, false), 'GBG Filtered'!Y4), PokemonIcons, 2, False), "") | AB10: =IF('GBG Filtered'!Z4 <> "", VLOOKUP('GBG Filtered'!Z4, TypeIcons, 2, False), "") | AC10: =IF('GBG Filtered'!AA4 <> "", VLOOKUP(IFERROR(VLOOKUP('GBG Filtered'!AA4, FormFixes, 2, false), 'GBG Filtered'!AA4), PokemonIcons, 2, False), "") | AD10: =IF('GBG Filtered'!AB4 <> "", VLOOKUP('GBG Filtered'!AB4, TypeIcons, 2, False), "") | AE10: ='GBG Filtered'!AC4 | AF10: ='GBG Filtered'!AD4 | AG10: ='GBG Filtered'!AE4
B11: ='GBG Filtered'!A5 | C11: ='GBG Filtered'!B5 | D11: ='GBG Filtered'!C5 | E11: ='GBG Filtered'!D5 | F11: =IF(B11 <> "", HYPERLINK(VLOOKUP( VALUE(B11), ReplayLinksTable, 2, false), "Replay"), "") | G11: =IF('GBG Filtered'!E5 <> "", VLOOKUP(IFERROR(VLOOKUP('GBG Filtered'!E5, FormFixes, 2, false), 'GBG Filtered'!E5), PokemonIcons, 2, False), "") | H11: =IF('GBG Filtered'!F5 <> "", VLOOKUP(IFERROR(VLOOKUP('GBG Filtered'!F5, FormFixes, 2, false), 'GBG Filtered'!F5), PokemonIcons, 2, False), "") | I11: =IF('GBG Filtered'!G5 <> "", VLOOKUP(IFERROR(VLOOKUP('GBG Filtered'!G5, FormFixes, 2, false), 'GBG Filtered'!G5), PokemonIcons, 2, False), "") | J11: =IF('GBG Filtered'!H5 <> "", VLOOKUP(IFERROR(VLOOKUP('GBG Filtered'!H5, FormFixes, 2, false), 'GBG Filtered'!H5), PokemonIcons, 2, False), "") | K11: =IF('GBG Filtered'!I5 <> "", VLOOKUP(IFERROR(VLOOKUP('GBG Filtered'!I5, FormFixes, 2, false), 'GBG Filtered'!I5), PokemonIcons, 2, False), "") | L11: =IF('GBG Filtered'!J5 <> "", VLOOKUP(IFERROR(VLOOKUP('GBG Filtered'!J5, FormFixes, 2, false), 'GBG Filtered'!J5), PokemonIcons, 2, False), "") | P11: =IF('GBG Filtered'!N5 <> "", VLOOKUP(IFERROR(VLOOKUP('GBG Filtered'!N5, FormFixes, 2, false), 'GBG Filtered'!N5), PokemonIcons, 2, False), "") | Q11: =IF('GBG Filtered'!O5 <> "", VLOOKUP(IFERROR(VLOOKUP('GBG Filtered'!O5, FormFixes, 2, false), 'GBG Filtered'!O5), PokemonIcons, 2, False), "") | R11: =IF('GBG Filtered'!P5 <> "", VLOOKUP(IFERROR(VLOOKUP('GBG Filtered'!P5, FormFixes, 2, false), 'GBG Filtered'!P5), PokemonIcons, 2, False), "") | S11: =IF('GBG Filtered'!Q5 <> "", VLOOKUP(IFERROR(VLOOKUP('GBG Filtered'!Q5, FormFixes, 2, false), 'GBG Filtered'!Q5), PokemonIcons, 2, False), "") | U11: =IF('GBG Filtered'!S5 <> "", VLOOKUP(IFERROR(VLOOKUP('GBG Filtered'!S5, FormFixes, 2, false), 'GBG Filtered'!S5), PokemonIcons, 2, False), "") | V11: =IF('GBG Filtered'!T5 <> "", VLOOKUP(IFERROR(VLOOKUP('GBG Filtered'!T5, FormFixes, 2, false), 'GBG Filtered'!T5), PokemonIcons, 2, False), "") | W11: =IF('GBG Filtered'!U5 <> "", VLOOKUP(IFERROR(VLOOKUP('GBG Filtered'!U5, FormFixes, 2, false), 'GBG Filtered'!U5), PokemonIcons, 2, False), "") | X11: =IF('GBG Filtered'!V5 <> "", VLOOKUP(IFERROR(VLOOKUP('GBG Filtered'!V5, FormFixes, 2, false), 'GBG Filtered'!V5), PokemonIcons, 2, False), "") | AA11: =IF('GBG Filtered'!Y5 <> "", VLOOKUP(IFERROR(VLOOKUP('GBG Filtered'!Y5, FormFixes, 2, false), 'GBG Filtered'!Y5), PokemonIcons, 2, False), "") | AB11: =IF('GBG Filtered'!Z5 <> "", VLOOKUP('GBG Filtered'!Z5, TypeIcons, 2, False), "") | AC11: =IF('GBG Filtered'!AA5 <> "", VLOOKUP(IFERROR(VLOOKUP('GBG Filtered'!AA5, FormFixes, 2, false), 'GBG Filtered'!AA5), PokemonIcons, 2, False), "") | AD11: =IF('GBG Filtered'!AB5 <> "", VLOOKUP('GBG Filtered'!AB5, TypeIcons, 2, False), "") | AE11: ='GBG Filtered'!AC5 | AF11: ='GBG Filtered'!AD5 | AG11: ='GBG Filtered'!AE5
B12: ='GBG Filtered'!A6 | C12: ='GBG Filtered'!B6 | D12: ='GBG Filtered'!C6 | E12: ='GBG Filtered'!D6 | F12: =IF(B12 <> "", HYPERLINK(VLOOKUP( VALUE(B12), ReplayLinksTable, 2, false), "Replay"), "") | G12: =IF('GBG Filtered'!E6 <> "", VLOOKUP(IFERROR(VLOOKUP('GBG Filtered'!E6, FormFixes, 2, false), 'GBG Filtered'!E6), PokemonIcons, 2, False), "") | H12: =IF('GBG Filtered'!F6 <> "", VLOOKUP(IFERROR(VLOOKUP('GBG Filtered'!F6, FormFixes, 2, false), 'GBG Filtered'!F6), PokemonIcons, 2, False), "") | I12: =IF('GBG Filtered'!G6 <> "", VLOOKUP(IFERROR(VLOOKUP('GBG Filtered'!G6, FormFixes, 2, false), 'GBG Filtered'!G6), PokemonIcons, 2, False), "") | J12: =IF('GBG Filtered'!H6 <> "", VLOOKUP(IFERROR(VLOOKUP('GBG Filtered'!H6, FormFixes, 2, false), 'GBG Filtered'!H6), PokemonIcons, 2, False), "") | K12: =IF('GBG Filtered'!I6 <> "", VLOOKUP(IFERROR(VLOOKUP('GBG Filtered'!I6, FormFixes, 2, false), 'GBG Filtered'!I6), PokemonIcons, 2, False), "") | L12: =IF('GBG Filtered'!J6 <> "", VLOOKUP(IFERROR(VLOOKUP('GBG Filtered'!J6, FormFixes, 2, false), 'GBG Filtered'!J6), PokemonIcons, 2, False), "") | P12: =IF('GBG Filtered'!N6 <> "", VLOOKUP(IFERROR(VLOOKUP('GBG Filtered'!N6, FormFixes, 2, false), 'GBG Filtered'!N6), PokemonIcons, 2, False), "") | Q12: =IF('GBG Filtered'!O6 <> "", VLOOKUP(IFERROR(VLOOKUP('GBG Filtered'!O6, FormFixes, 2, false), 'GBG Filtered'!O6), PokemonIcons, 2, False), "") | R12: =IF('GBG Filtered'!P6 <> "", VLOOKUP(IFERROR(VLOOKUP('GBG Filtered'!P6, FormFixes, 2, false), 'GBG Filtered'!P6), PokemonIcons, 2, False), "") | S12: =IF('GBG Filtered'!Q6 <> "", VLOOKUP(IFERROR(VLOOKUP('GBG Filtered'!Q6, FormFixes, 2, false), 'GBG Filtered'!Q6), PokemonIcons, 2, False), "") | U12: =IF('GBG Filtered'!S6 <> "", VLOOKUP(IFERROR(VLOOKUP('GBG Filtered'!S6, FormFixes, 2, false), 'GBG Filtered'!S6), PokemonIcons, 2, False), "") | V12: =IF('GBG Filtered'!T6 <> "", VLOOKUP(IFERROR(VLOOKUP('GBG Filtered'!T6, FormFixes, 2, false), 'GBG Filtered'!T6), PokemonIcons, 2, False), "") | W12: =IF('GBG Filtered'!U6 <> "", VLOOKUP(IFERROR(VLOOKUP('GBG Filtered'!U6, FormFixes, 2, false), 'GBG Filtered'!U6), PokemonIcons, 2, False), "") | X12: =IF('GBG Filtered'!V6 <> "", VLOOKUP(IFERROR(VLOOKUP('GBG Filtered'!V6, FormFixes, 2, false), 'GBG Filtered'!V6), PokemonIcons, 2, False), "") | AA12: =IF('GBG Filtered'!Y6 <> "", VLOOKUP(IFERROR(VLOOKUP('GBG Filtered'!Y6, FormFixes, 2, false), 'GBG Filtered'!Y6), PokemonIcons, 2, False), "") | AB12: =IF('GBG Filtered'!Z6 <> "", VLOOKUP('GBG Filtered'!Z6, TypeIcons, 2, False), "") | AC12: =IF('GBG Filtered'!AA6 <> "", VLOOKUP(IFERROR(VLOOKUP('GBG Filtered'!AA6, FormFixes, 2, false), 'GBG Filtered'!AA6), PokemonIcons, 2, False), "") | AD12: =IF('GBG Filtered'!AB6 <> "", VLOOKUP('GBG Filtered'!AB6, TypeIcons, 2, False), "") | AE12: ='GBG Filtered'!AC6 | AF12: ='GBG Filtered'!AD6 | AG12: ='GBG Filtered'!AE6
B13: ='GBG Filtered'!A7 | C13: ='GBG Filtered'!B7 | D13: ='GBG Filtered'!C7 | E13: ='GBG Filtered'!D7 | F13: =IF(B13 <> "", HYPERLINK(VLOOKUP( VALUE(B13), ReplayLinksTable, 2, false), "Replay"), "") | G13: =IF('GBG Filtered'!E7 <> "", VLOOKUP(IFERROR(VLOOKUP('GBG Filtered'!E7, FormFixes, 2, false), 'GBG Filtered'!E7), PokemonIcons, 2, False), "") | H13: =IF('GBG Filtered'!F7 <> "", VLOOKUP(IFERROR(VLOOKUP('GBG Filtered'!F7, FormFixes, 2, false), 'GBG Filtered'!F7), PokemonIcons, 2, False), "") | I13: =IF('GBG Filtered'!G7 <> "", VLOOKUP(IFERROR(VLOOKUP('GBG Filtered'!G7, FormFixes, 2, false), 'GBG Filtered'!G7), PokemonIcons, 2, False), "") | J13: =IF('GBG Filtered'!H7 <> "", VLOOKUP(IFERROR(VLOOKUP('GBG Filtered'!H7, FormFixes, 2, false), 'GBG Filtered'!H7), PokemonIcons, 2, False), "") | K13: =IF('GBG Filtered'!I7 <> "", VLOOKUP(IFERROR(VLOOKUP('GBG Filtered'!I7, FormFixes, 2, false), 'GBG Filtered'!I7), PokemonIcons, 2, False), "") | L13: =IF('GBG Filtered'!J7 <> "", VLOOKUP(IFERROR(VLOOKUP('GBG Filtered'!J7, FormFixes, 2, false), 'GBG Filtered'!J7), PokemonIcons, 2, False), "") | P13: =IF('GBG Filtered'!N7 <> "", VLOOKUP(IFERROR(VLOOKUP('GBG Filtered'!N7, FormFixes, 2, false), 'GBG Filtered'!N7), PokemonIcons, 2, False), "") | Q13: =IF('GBG Filtered'!O7 <> "", VLOOKUP(IFERROR(VLOOKUP('GBG Filtered'!O7, FormFixes, 2, false), 'GBG Filtered'!O7), PokemonIcons, 2, False), "") | R13: =IF('GBG Filtered'!P7 <> "", VLOOKUP(IFERROR(VLOOKUP('GBG Filtered'!P7, FormFixes, 2, false), 'GBG Filtered'!P7), PokemonIcons, 2, False), "") | S13: =IF('GBG Filtered'!Q7 <> "", VLOOKUP(IFERROR(VLOOKUP('GBG Filtered'!Q7, FormFixes, 2, false), 'GBG Filtered'!Q7), PokemonIcons, 2, False), "") | U13: =IF('GBG Filtered'!S7 <> "", VLOOKUP(IFERROR(VLOOKUP('GBG Filtered'!S7, FormFixes, 2, false), 'GBG Filtered'!S7), PokemonIcons, 2, False), "") | V13: =IF('GBG Filtered'!T7 <> "", VLOOKUP(IFERROR(VLOOKUP('GBG Filtered'!T7, FormFixes, 2, false), 'GBG Filtered'!T7), PokemonIcons, 2, False), "") | W13: =IF('GBG Filtered'!U7 <> "", VLOOKUP(IFERROR(VLOOKUP('GBG Filtered'!U7, FormFixes, 2, false), 'GBG Filtered'!U7), PokemonIcons, 2, False), "") | X13: =IF('GBG Filtered'!V7 <> "", VLOOKUP(IFERROR(VLOOKUP('GBG Filtered'!V7, FormFixes, 2, false), 'GBG Filtered'!V7), PokemonIcons, 2, False), "") | AA13: =IF('GBG Filtered'!Y7 <> "", VLOOKUP(IFERROR(VLOOKUP('GBG Filtered'!Y7, FormFixes, 2, false), 'GBG Filtered'!Y7), PokemonIcons, 2, False), "") | AB13: =IF('GBG Filtered'!Z7 <> "", VLOOKUP('GBG Filtered'!Z7, TypeIcons, 2, False), "") | AC13: =IF('GBG Filtered'!AA7 <> "", VLOOKUP(IFERROR(VLOOKUP('GBG Filtered'!AA7, FormFixes, 2, false), 'GBG Filtered'!AA7), PokemonIcons, 2, False), "") | AD13: =IF('GBG Filtered'!AB7 <> "", VLOOKUP('GBG Filtered'!AB7, TypeIcons, 2, False), "") | AE13: ='GBG Filtered'!AC7 | AF13: ='GBG Filtered'!AD7 | AG13: ='GBG Filtered'!AE7
B14: ='GBG Filtered'!A8 | C14: ='GBG Filtered'!B8 | D14: ='GBG Filtered'!C8 | E14: ='GBG Filtered'!D8 | F14: =IF(B14 <> "", HYPERLINK(VLOOKUP( VALUE(B14), ReplayLinksTable, 2, false), "Replay"), "") | G14: =IF('GBG Filtered'!E8 <> "", VLOOKUP(IFERROR(VLOOKUP('GBG Filtered'!E8, FormFixes, 2, false), 'GBG Filtered'!E8), PokemonIcons, 2, False), "") | H14: =IF('GBG Filtered'!F8 <> "", VLOOKUP(IFERROR(VLOOKUP('GBG Filtered'!F8, FormFixes, 2, false), 'GBG Filtered'!F8), PokemonIcons, 2, False), "") | I14: =IF('GBG Filtered'!G8 <> "", VLOOKUP(IFERROR(VLOOKUP('GBG Filtered'!G8, FormFixes, 2, false), 'GBG Filtered'!G8), PokemonIcons, 2, False), "") | J14: =IF('GBG Filtered'!H8 <> "", VLOOKUP(IFERROR(VLOOKUP('GBG Filtered'!H8, FormFixes, 2, false), 'GBG Filtered'!H8), PokemonIcons, 2, False), "") | K14: =IF('GBG Filtered'!I8 <> "", VLOOKUP(IFERROR(VLOOKUP('GBG Filtered'!I8, FormFixes, 2, false), 'GBG Filtered'!I8), PokemonIcons, 2, False), "") | L14: =IF('GBG Filtered'!J8 <> "", VLOOKUP(IFERROR(VLOOKUP('GBG Filtered'!J8, FormFixes, 2, false), 'GBG Filtered'!J8), PokemonIcons, 2, False), "") | P14: =IF('GBG Filtered'!N8 <> "", VLOOKUP(IFERROR(VLOOKUP('GBG Filtered'!N8, FormFixes, 2, false), 'GBG Filtered'!N8), PokemonIcons, 2, False), "") | Q14: =IF('GBG Filtered'!O8 <> "", VLOOKUP(IFERROR(VLOOKUP('GBG Filtered'!O8, FormFixes, 2, false), 'GBG Filtered'!O8), PokemonIcons, 2, False), "") | R14: =IF('GBG Filtered'!P8 <> "", VLOOKUP(IFERROR(VLOOKUP('GBG Filtered'!P8, FormFixes, 2, false), 'GBG Filtered'!P8), PokemonIcons, 2, False), "") | S14: =IF('GBG Filtered'!Q8 <> "", VLOOKUP(IFERROR(VLOOKUP('GBG Filtered'!Q8, FormFixes, 2, false), 'GBG Filtered'!Q8), PokemonIcons, 2, False), "") | U14: =IF('GBG Filtered'!S8 <> "", VLOOKUP(IFERROR(VLOOKUP('GBG Filtered'!S8, FormFixes, 2, false), 'GBG Filtered'!S8), PokemonIcons, 2, False), "") | V14: =IF('GBG Filtered'!T8 <> "", VLOOKUP(IFERROR(VLOOKUP('GBG Filtered'!T8, FormFixes, 2, false), 'GBG Filtered'!T8), PokemonIcons, 2, False), "") | W14: =IF('GBG Filtered'!U8 <> "", VLOOKUP(IFERROR(VLOOKUP('GBG Filtered'!U8, FormFixes, 2, false), 'GBG Filtered'!U8), PokemonIcons, 2, False), "") | X14: =IF('GBG Filtered'!V8 <> "", VLOOKUP(IFERROR(VLOOKUP('GBG Filtered'!V8, FormFixes, 2, false), 'GBG Filtered'!V8), PokemonIcons, 2, False), "") | AA14: =IF('GBG Filtered'!Y8 <> "", VLOOKUP(IFERROR(VLOOKUP('GBG Filtered'!Y8, FormFixes, 2, false), 'GBG Filtered'!Y8), PokemonIcons, 2, False), "") | AB14: =IF('GBG Filtered'!Z8 <> "", VLOOKUP('GBG Filtered'!Z8, TypeIcons, 2, False), "") | AC14: =IF('GBG Filtered'!AA8 <> "", VLOOKUP(IFERROR(VLOOKUP('GBG Filtered'!AA8, FormFixes, 2, false), 'GBG Filtered'!AA8), PokemonIcons, 2, False), "") | AD14: =IF('GBG Filtered'!AB8 <> "", VLOOKUP('GBG Filtered'!AB8, TypeIcons, 2, False), "") | AE14: ='GBG Filtered'!AC8 | AF14: ='GBG Filtered'!AD8 | AG14: ='GBG Filtered'!AE8
B15: ='GBG Filtered'!A9 | C15: ='GBG Filtered'!B9 | D15: ='GBG Filtered'!C9 | E15: ='GBG Filtered'!D9 | F15: =IF(B15 <> "", HYPERLINK(VLOOKUP( VALUE(B15), ReplayLinksTable, 2, false), "Replay"), "") | G15: =IF('GBG Filtered'!E9 <> "", VLOOKUP(IFERROR(VLOOKUP('GBG Filtered'!E9, FormFixes, 2, false), 'GBG Filtered'!E9), PokemonIcons, 2, False), "") | H15: =IF('GBG Filtered'!F9 <> "", VLOOKUP(IFERROR(VLOOKUP('GBG Filtered'!F9, FormFixes, 2, false), 'GBG Filtered'!F9), PokemonIcons, 2, False), "") | I15: =IF('GBG Filtered'!G9 <> "", VLOOKUP(IFERROR(VLOOKUP('GBG Filtered'!G9, FormFixes, 2, false), 'GBG Filtered'!G9), PokemonIcons, 2, False), "") | J15: =IF('GBG Filtered'!H9 <> "", VLOOKUP(IFERROR(VLOOKUP('GBG Filtered'!H9, FormFixes, 2, false), 'GBG Filtered'!H9), PokemonIcons, 2, False), "") | K15: =IF('GBG Filtered'!I9 <> "", VLOOKUP(IFERROR(VLOOKUP('GBG Filtered'!I9, FormFixes, 2, false), 'GBG Filtered'!I9), PokemonIcons, 2, False), "") | L15: =IF('GBG Filtered'!J9 <> "", VLOOKUP(IFERROR(VLOOKUP('GBG Filtered'!J9, FormFixes, 2, false), 'GBG Filtered'!J9), PokemonIcons, 2, False), "") | P15: =IF('GBG Filtered'!N9 <> "", VLOOKUP(IFERROR(VLOOKUP('GBG Filtered'!N9, FormFixes, 2, false), 'GBG Filtered'!N9), PokemonIcons, 2, False), "") | Q15: =IF('GBG Filtered'!O9 <> "", VLOOKUP(IFERROR(VLOOKUP('GBG Filtered'!O9, FormFixes, 2, false), 'GBG Filtered'!O9), PokemonIcons, 2, False), "") | R15: =IF('GBG Filtered'!P9 <> "", VLOOKUP(IFERROR(VLOOKUP('GBG Filtered'!P9, FormFixes, 2, false), 'GBG Filtered'!P9), PokemonIcons, 2, False), "") | S15: =IF('GBG Filtered'!Q9 <> "", VLOOKUP(IFERROR(VLOOKUP('GBG Filtered'!Q9, FormFixes, 2, false), 'GBG Filtered'!Q9), PokemonIcons, 2, False), "") | U15: =IF('GBG Filtered'!S9 <> "", VLOOKUP(IFERROR(VLOOKUP('GBG Filtered'!S9, FormFixes, 2, false), 'GBG Filtered'!S9), PokemonIcons, 2, False), "") | V15: =IF('GBG Filtered'!T9 <> "", VLOOKUP(IFERROR(VLOOKUP('GBG Filtered'!T9, FormFixes, 2, false), 'GBG Filtered'!T9), PokemonIcons, 2, False), "") | W15: =IF('GBG Filtered'!U9 <> "", VLOOKUP(IFERROR(VLOOKUP('GBG Filtered'!U9, FormFixes, 2, false), 'GBG Filtered'!U9), PokemonIcons, 2, False), "") | X15: =IF('GBG Filtered'!V9 <> "", VLOOKUP(IFERROR(VLOOKUP('GBG Filtered'!V9, FormFixes, 2, false), 'GBG Filtered'!V9), PokemonIcons, 2, False), "") | AA15: =IF('GBG Filtered'!Y9 <> "", VLOOKUP(IFERROR(VLOOKUP('GBG Filtered'!Y9, FormFixes, 2, false), 'GBG Filtered'!Y9), PokemonIcons, 2, False), "") | AB15: =IF('GBG Filtered'!Z9 <> "", VLOOKUP('GBG Filtered'!Z9, TypeIcons, 2, False), "") | AC15: =IF('GBG Filtered'!AA9 <> "", VLOOKUP(IFERROR(VLOOKUP('GBG Filtered'!AA9, FormFixes, 2, false), 'GBG Filtered'!AA9), PokemonIcons, 2, False), "") | AD15: =IF('GBG Filtered'!AB9 <> "", VLOOKUP('GBG Filtered'!AB9, TypeIcons, 2, False), "") | AE15: ='GBG Filtered'!AC9 | AF15: ='GBG Filtered'!AD9 | AG15: ='GBG Filtered'!AE9
B16: ='GBG Filtered'!A10 | C16: ='GBG Filtered'!B10 | D16: ='GBG Filtered'!C10 | E16: ='GBG Filtered'!D10 | F16: =IF(B16 <> "", HYPERLINK(VLOOKUP( VALUE(B16), ReplayLinksTable, 2, false), "Replay"), "") | G16: =IF('GBG Filtered'!E10 <> "", VLOOKUP(IFERROR(VLOOKUP('GBG Filtered'!E10, FormFixes, 2, false), 'GBG Filtered'!E10), PokemonIcons, 2, False), "") | H16: =IF('GBG Filtered'!F10 <> "", VLOOKUP(IFERROR(VLOOKUP('GBG Filtered'!F10, FormFixes, 2, false), 'GBG Filtered'!F10), PokemonIcons, 2, False), "") | I16: =IF('GBG Filtered'!G10 <> "", VLOOKUP(IFERROR(VLOOKUP('GBG Filtered'!G10, FormFixes, 2, false), 'GBG Filtered'!G10), PokemonIcons, 2, False), "") | J16: =IF('GBG Filtered'!H10 <> "", VLOOKUP(IFERROR(VLOOKUP('GBG Filtered'!H10, FormFixes, 2, false), 'GBG Filtered'!H10), PokemonIcons, 2, False), "") | K16: =IF('GBG Filtered'!I10 <> "", VLOOKUP(IFERROR(VLOOKUP('GBG Filtered'!I10, FormFixes, 2, false), 'GBG Filtered'!I10), PokemonIcons, 2, False), "") | L16: =IF('GBG Filtered'!J10 <> "", VLOOKUP(IFERROR(VLOOKUP('GBG Filtered'!J10, FormFixes, 2, false), 'GBG Filtered'!J10), PokemonIcons, 2, False), "") | P16: =IF('GBG Filtered'!N10 <> "", VLOOKUP(IFERROR(VLOOKUP('GBG Filtered'!N10, FormFixes, 2, false), 'GBG Filtered'!N10), PokemonIcons, 2, False), "") | Q16: =IF('GBG Filtered'!O10 <> "", VLOOKUP(IFERROR(VLOOKUP('GBG Filtered'!O10, FormFixes, 2, false), 'GBG Filtered'!O10), PokemonIcons, 2, False), "") | R16: =IF('GBG Filtered'!P10 <> "", VLOOKUP(IFERROR(VLOOKUP('GBG Filtered'!P10, FormFixes, 2, false), 'GBG Filtered'!P10), PokemonIcons, 2, False), "") | S16: =IF('GBG Filtered'!Q10 <> "", VLOOKUP(IFERROR(VLOOKUP('GBG Filtered'!Q10, FormFixes, 2, false), 'GBG Filtered'!Q10), PokemonIcons, 2, False), "") | U16: =IF('GBG Filtered'!S10 <> "", VLOOKUP(IFERROR(VLOOKUP('GBG Filtered'!S10, FormFixes, 2, false), 'GBG Filtered'!S10), PokemonIcons, 2, False), "") | V16: =IF('GBG Filtered'!T10 <> "", VLOOKUP(IFERROR(VLOOKUP('GBG Filtered'!T10, FormFixes, 2, false), 'GBG Filtered'!T10), PokemonIcons, 2, False), "") | W16: =IF('GBG Filtered'!U10 <> "", VLOOKUP(IFERROR(VLOOKUP('GBG Filtered'!U10, FormFixes, 2, false), 'GBG Filtered'!U10), PokemonIcons, 2, False), "") | X16: =IF('GBG Filtered'!V10 <> "", VLOOKUP(IFERROR(VLOOKUP('GBG Filtered'!V10, FormFixes, 2, false), 'GBG Filtered'!V10), PokemonIcons, 2, False), "") | AA16: =IF('GBG Filtered'!Y10 <> "", VLOOKUP(IFERROR(VLOOKUP('GBG Filtered'!Y10, FormFixes, 2, false), 'GBG Filtered'!Y10), PokemonIcons, 2, False), "") | AB16: =IF('GBG Filtered'!Z10 <> "", VLOOKUP('GBG Filtered'!Z10, TypeIcons, 2, False), "") | AC16: =IF('GBG Filtered'!AA10 <> "", VLOOKUP(IFERROR(VLOOKUP('GBG Filtered'!AA10, FormFixes, 2, false), 'GBG Filtered'!AA10), PokemonIcons, 2, False), "") | AD16: =IF('GBG Filtered'!AB10 <> "", VLOOKUP('GBG Filtered'!AB10, TypeIcons, 2, False), "") | AE16: ='GBG Filtered'!AC10 | AF16: ='GBG Filtered'!AD10 | AG16: ='GBG Filtered'!AE10
B17: ='GBG Filtered'!A11 | C17: ='GBG Filtered'!B11 | D17: ='GBG Filtered'!C11 | E17: ='GBG Filtered'!D11 | F17: =IF(B17 <> "", HYPERLINK(VLOOKUP( VALUE(B17), ReplayLinksTable, 2, false), "Replay"), "") | G17: =IF('GBG Filtered'!E11 <> "", VLOOKUP(IFERROR(VLOOKUP('GBG Filtered'!E11, FormFixes, 2, false), 'GBG Filtered'!E11), PokemonIcons, 2, False), "") | H17: =IF('GBG Filtered'!F11 <> "", VLOOKUP(IFERROR(VLOOKUP('GBG Filtered'!F11, FormFixes, 2, false), 'GBG Filtered'!F11), PokemonIcons, 2, False), "") | I17: =IF('GBG Filtered'!G11 <> "", VLOOKUP(IFERROR(VLOOKUP('GBG Filtered'!G11, FormFixes, 2, false), 'GBG Filtered'!G11), PokemonIcons, 2, False), "") | J17: =IF('GBG Filtered'!H11 <> "", VLOOKUP(IFERROR(VLOOKUP('GBG Filtered'!H11, FormFixes, 2, false), 'GBG Filtered'!H11), PokemonIcons, 2, False), "") | K17: =IF('GBG Filtered'!I11 <> "", VLOOKUP(IFERROR(VLOOKUP('GBG Filtered'!I11, FormFixes, 2, false), 'GBG Filtered'!I11), PokemonIcons, 2, False), "") | L17: =IF('GBG Filtered'!J11 <> "", VLOOKUP(IFERROR(VLOOKUP('GBG Filtered'!J11, FormFixes, 2, false), 'GBG Filtered'!J11), PokemonIcons, 2, False), "") | P17: =IF('GBG Filtered'!N11 <> "", VLOOKUP(IFERROR(VLOOKUP('GBG Filtered'!N11, FormFixes, 2, false), 'GBG Filtered'!N11), PokemonIcons, 2, False), "") | Q17: =IF('GBG Filtered'!O11 <> "", VLOOKUP(IFERROR(VLOOKUP('GBG Filtered'!O11, FormFixes, 2, false), 'GBG Filtered'!O11), PokemonIcons, 2, False), "") | R17: =IF('GBG Filtered'!P11 <> "", VLOOKUP(IFERROR(VLOOKUP('GBG Filtered'!P11, FormFixes, 2, false), 'GBG Filtered'!P11), PokemonIcons, 2, False), "") | S17: =IF('GBG Filtered'!Q11 <> "", VLOOKUP(IFERROR(VLOOKUP('GBG Filtered'!Q11, FormFixes, 2, false), 'GBG Filtered'!Q11), PokemonIcons, 2, False), "") | U17: =IF('GBG Filtered'!S11 <> "", VLOOKUP(IFERROR(VLOOKUP('GBG Filtered'!S11, FormFixes, 2, false), 'GBG Filtered'!S11), PokemonIcons, 2, False), "") | V17: =IF('GBG Filtered'!T11 <> "", VLOOKUP(IFERROR(VLOOKUP('GBG Filtered'!T11, FormFixes, 2, false), 'GBG Filtered'!T11), PokemonIcons, 2, False), "") | W17: =IF('GBG Filtered'!U11 <> "", VLOOKUP(IFERROR(VLOOKUP('GBG Filtered'!U11, FormFixes, 2, false), 'GBG Filtered'!U11), PokemonIcons, 2, False), "") | X17: =IF('GBG Filtered'!V11 <> "", VLOOKUP(IFERROR(VLOOKUP('GBG Filtered'!V11, FormFixes, 2, false), 'GBG Filtered'!V11), PokemonIcons, 2, False), "") | AA17: =IF('GBG Filtered'!Y11 <> "", VLOOKUP(IFERROR(VLOOKUP('GBG Filtered'!Y11, FormFixes, 2, false), 'GBG Filtered'!Y11), PokemonIcons, 2, False), "") | AB17: =IF('GBG Filtered'!Z11 <> "", VLOOKUP('GBG Filtered'!Z11, TypeIcons, 2, False), "") | AC17: =IF('GBG Filtered'!AA11 <> "", VLOOKUP(IFERROR(VLOOKUP('GBG Filtered'!AA11, FormFixes, 2, false), 'GBG Filtered'!AA11), PokemonIcons, 2, False), "") | AD17: =IF('GBG Filtered'!AB11 <> "", VLOOKUP('GBG Filtered'!AB11, TypeIcons, 2, False), "") | AE17: ='GBG Filtered'!AC11 | AF17: ='GBG Filtered'!AD11 | AG17: ='GBG Filtered'!AE11
B18: ='GBG Filtered'!A12 | C18: ='GBG Filtered'!B12 | D18: ='GBG Filtered'!C12 | E18: ='GBG Filtered'!D12 | F18: =IF(B18 <> "", HYPERLINK(VLOOKUP( VALUE(B18), ReplayLinksTable, 2, false), "Replay"), "") | G18: =IF('GBG Filtered'!E12 <> "", VLOOKUP(IFERROR(VLOOKUP('GBG Filtered'!E12, FormFixes, 2, false), 'GBG Filtered'!E12), PokemonIcons, 2, False), "") | H18: =IF('GBG Filtered'!F12 <> "", VLOOKUP(IFERROR(VLOOKUP('GBG Filtered'!F12, FormFixes, 2, false), 'GBG Filtered'!F12), PokemonIcons, 2, False), "") | I18: =IF('GBG Filtered'!G12 <> "", VLOOKUP(IFERROR(VLOOKUP('GBG Filtered'!G12, FormFixes, 2, false), 'GBG Filtered'!G12), PokemonIcons, 2, False), "") | J18: =IF('GBG Filtered'!H12 <> "", VLOOKUP(IFERROR(VLOOKUP('GBG Filtered'!H12, FormFixes, 2, false), 'GBG Filtered'!H12), PokemonIcons, 2, False), "") | K18: =IF('GBG Filtered'!I12 <> "", VLOOKUP(IFERROR(VLOOKUP('GBG Filtered'!I12, FormFixes, 2, false), 'GBG Filtered'!I12), PokemonIcons, 2, False), "") | L18: =IF('GBG Filtered'!J12 <> "", VLOOKUP(IFERROR(VLOOKUP('GBG Filtered'!J12, FormFixes, 2, false), 'GBG Filtered'!J12), PokemonIcons, 2, False), "") | P18: =IF('GBG Filtered'!N12 <> "", VLOOKUP(IFERROR(VLOOKUP('GBG Filtered'!N12, FormFixes, 2, false), 'GBG Filtered'!N12), PokemonIcons, 2, False), "") | Q18: =IF('GBG Filtered'!O12 <> "", VLOOKUP(IFERROR(VLOOKUP('GBG Filtered'!O12, FormFixes, 2, false), 'GBG Filtered'!O12), PokemonIcons, 2, False), "") | R18: =IF('GBG Filtered'!P12 <> "", VLOOKUP(IFERROR(VLOOKUP('GBG Filtered'!P12, FormFixes, 2, false), 'GBG Filtered'!P12), PokemonIcons, 2, False), "") | S18: =IF('GBG Filtered'!Q12 <> "", VLOOKUP(IFERROR(VLOOKUP('GBG Filtered'!Q12, FormFixes, 2, false), 'GBG Filtered'!Q12), PokemonIcons, 2, False), "") | U18: =IF('GBG Filtered'!S12 <> "", VLOOKUP(IFERROR(VLOOKUP('GBG Filtered'!S12, FormFixes, 2, false), 'GBG Filtered'!S12), PokemonIcons, 2, False), "") | V18: =IF('GBG Filtered'!T12 <> "", VLOOKUP(IFERROR(VLOOKUP('GBG Filtered'!T12, FormFixes, 2, false), 'GBG Filtered'!T12), PokemonIcons, 2, False), "") | W18: =IF('GBG Filtered'!U12 <> "", VLOOKUP(IFERROR(VLOOKUP('GBG Filtered'!U12, FormFixes, 2, false), 'GBG Filtered'!U12), PokemonIcons, 2, False), "") | X18: =IF('GBG Filtered'!V12 <> "", VLOOKUP(IFERROR(VLOOKUP('GBG Filtered'!V12, FormFixes, 2, false), 'GBG Filtered'!V12), PokemonIcons, 2, False), "") | AA18: =IF('GBG Filtered'!Y12 <> "", VLOOKUP(IFERROR(VLOOKUP('GBG Filtered'!Y12, FormFixes, 2, false), 'GBG Filtered'!Y12), PokemonIcons, 2, False), "") | AB18: =IF('GBG Filtered'!Z12 <> "", VLOOKUP('GBG Filtered'!Z12, TypeIcons, 2, False), "") | AC18: =IF('GBG Filtered'!AA12 <> "", VLOOKUP(IFERROR(VLOOKUP('GBG Filtered'!AA12, FormFixes, 2, false), 'GBG Filtered'!AA12), PokemonIcons, 2, False), "") | AD18: =IF('GBG Filtered'!AB12 <> "", VLOOKUP('GBG Filtered'!AB12, TypeIcons, 2, False), "") | AE18: ='GBG Filtered'!AC12 | AF18: ='GBG Filtered'!AD12 | AG18: ='GBG Filtered'!AE12
B19: ='GBG Filtered'!A13 | C19: ='GBG Filtered'!B13 | D19: ='GBG Filtered'!C13 | E19: ='GBG Filtered'!D13 | F19: =IF(B19 <> "", HYPERLINK(VLOOKUP( VALUE(B19), ReplayLinksTable, 2, false), "Replay"), "") | G19: =IF('GBG Filtered'!E13 <> "", VLOOKUP(IFERROR(VLOOKUP('GBG Filtered'!E13, FormFixes, 2, false), 'GBG Filtered'!E13), PokemonIcons, 2, False), "") | H19: =IF('GBG Filtered'!F13 <> "", VLOOKUP(IFERROR(VLOOKUP('GBG Filtered'!F13, FormFixes, 2, false), 'GBG Filtered'!F13), PokemonIcons, 2, False), "") | I19: =IF('GBG Filtered'!G13 <> "", VLOOKUP(IFERROR(VLOOKUP('GBG Filtered'!G13, FormFixes, 2, false), 'GBG Filtered'!G13), PokemonIcons, 2, False), "") | J19: =IF('GBG Filtered'!H13 <> "", VLOOKUP(IFERROR(VLOOKUP('GBG Filtered'!H13, FormFixes, 2, false), 'GBG Filtered'!H13), PokemonIcons, 2, False), "") | K19: =IF('GBG Filtered'!I13 <> "", VLOOKUP(IFERROR(VLOOKUP('GBG Filtered'!I13, FormFixes, 2, false), 'GBG Filtered'!I13), PokemonIcons, 2, False), "") | L19: =IF('GBG Filtered'!J13 <> "", VLOOKUP(IFERROR(VLOOKUP('GBG Filtered'!J13, FormFixes, 2, false), 'GBG Filtered'!J13), PokemonIcons, 2, False), "") | P19: =IF('GBG Filtered'!N13 <> "", VLOOKUP(IFERROR(VLOOKUP('GBG Filtered'!N13, FormFixes, 2, false), 'GBG Filtered'!N13), PokemonIcons, 2, False), "") | Q19: =IF('GBG Filtered'!O13 <> "", VLOOKUP(IFERROR(VLOOKUP('GBG Filtered'!O13, FormFixes, 2, false), 'GBG Filtered'!O13), PokemonIcons, 2, False), "") | R19: =IF('GBG Filtered'!P13 <> "", VLOOKUP(IFERROR(VLOOKUP('GBG Filtered'!P13, FormFixes, 2, false), 'GBG Filtered'!P13), PokemonIcons, 2, False), "") | S19: =IF('GBG Filtered'!Q13 <> "", VLOOKUP(IFERROR(VLOOKUP('GBG Filtered'!Q13, FormFixes, 2, false), 'GBG Filtered'!Q13), PokemonIcons, 2, False), "") | U19: =IF('GBG Filtered'!S13 <> "", VLOOKUP(IFERROR(VLOOKUP('GBG Filtered'!S13, FormFixes, 2, false), 'GBG Filtered'!S13), PokemonIcons, 2, False), "") | V19: =IF('GBG Filtered'!T13 <> "", VLOOKUP(IFERROR(VLOOKUP('GBG Filtered'!T13, FormFixes, 2, false), 'GBG Filtered'!T13), PokemonIcons, 2, False), "") | W19: =IF('GBG Filtered'!U13 <> "", VLOOKUP(IFERROR(VLOOKUP('GBG Filtered'!U13, FormFixes, 2, false), 'GBG Filtered'!U13), PokemonIcons, 2, False), "") | X19: =IF('GBG Filtered'!V13 <> "", VLOOKUP(IFERROR(VLOOKUP('GBG Filtered'!V13, FormFixes, 2, false), 'GBG Filtered'!V13), PokemonIcons, 2, False), "") | AA19: =IF('GBG Filtered'!Y13 <> "", VLOOKUP(IFERROR(VLOOKUP('GBG Filtered'!Y13, FormFixes, 2, false), 'GBG Filtered'!Y13), PokemonIcons, 2, False), "") | AB19: =IF('GBG Filtered'!Z13 <> "", VLOOKUP('GBG Filtered'!Z13, TypeIcons, 2, False), "") | AC19: =IF('GBG Filtered'!AA13 <> "", VLOOKUP(IFERROR(VLOOKUP('GBG Filtered'!AA13, FormFixes, 2, false), 'GBG Filtered'!AA13), PokemonIcons, 2, False), "") | AD19: =IF('GBG Filtered'!AB13 <> "", VLOOKUP('GBG Filtered'!AB13, TypeIcons, 2, False), "") | AE19: ='GBG Filtered'!AC13 | AF19: ='GBG Filtered'!AD13 | AG19: ='GBG Filtered'!AE13
... B507: ='GBG Filtered'!A501 | C507: ='GBG Filtered'!B501 | D507: ='GBG Filtered'!C501 | E507: ='GBG Filtered'!D501 | F507: =IF(B507 <> "", HYPERLINK(VLOOKUP( VALUE(B507), ReplayLinksTable, 2, false), "Replay"), "") | G507: =IF('GBG Filtered'!E501 <> "", VLOOKUP(IFERROR(VLOOKUP('GBG Filtered'!E501, FormFixes, 2, false), 'GBG Filtered'!E501), PokemonIcons, 2, False), "") | H507: =IF('GBG Filtered'!F501 <> "", VLOOKUP(IFERROR(VLOOKUP('GBG Filtered'!F501, FormFixes, 2, false), 'GBG Filtered'!F501), PokemonIcons, 2, False), "") | I507: =IF('GBG Filtered'!G501 <> "", VLOOKUP(IFERROR(VLOOKUP('GBG Filtered'!G501, FormFixes, 2, false), 'GBG Filtered'!G501), PokemonIcons, 2, False), "") | J507: =IF('GBG Filtered'!H501 <> "", VLOOKUP(IFERROR(VLOOKUP('GBG Filtered'!H501, FormFixes, 2, false), 'GBG Filtered'!H501), PokemonIcons, 2, False), "") | K507: =IF('GBG Filtered'!I501 <> "", VLOOKUP(IFERROR(VLOOKUP('GBG Filtered'!I501, FormFixes, 2, false), 'GBG Filtered'!I501), PokemonIcons, 2, False), "") | L507: =IF('GBG Filtered'!J501 <> "", VLOOKUP(IFERROR(VLOOKUP('GBG Filtered'!J501, FormFixes, 2, false), 'GBG Filtered'!J501), PokemonIcons, 2, False), "") | P507: =IF('GBG Filtered'!N501 <> "", VLOOKUP(IFERROR(VLOOKUP('GBG Filtered'!N501, FormFixes, 2, false), 'GBG Filtered'!N501), PokemonIcons, 2, False), "") | Q507: =IF('GBG Filtered'!O501 <> "", VLOOKUP(IFERROR(VLOOKUP('GBG Filtered'!O501, FormFixes, 2, false), 'GBG Filtered'!O501), PokemonIcons, 2, False), "") | R507: =IF('GBG Filtered'!P501 <> "", VLOOKUP(IFERROR(VLOOKUP('GBG Filtered'!P501, FormFixes, 2, false), 'GBG Filtered'!P501), PokemonIcons, 2, False), "") | S507: =IF('GBG Filtered'!Q501 <> "", VLOOKUP(IFERROR(VLOOKUP('GBG Filtered'!Q501, FormFixes, 2, false), 'GBG Filtered'!Q501), PokemonIcons, 2, False), "") | U507: =IF('GBG Filtered'!S501 <> "", VLOOKUP(IFERROR(VLOOKUP('GBG Filtered'!S501, FormFixes, 2, false), 'GBG Filtered'!S501), PokemonIcons, 2, False), "") | V507: =IF('GBG Filtered'!T501 <> "", VLOOKUP(IFERROR(VLOOKUP('GBG Filtered'!T501, FormFixes, 2, false), 'GBG Filtered'!T501), PokemonIcons, 2, False), "") | W507: =IF('GBG Filtered'!U501 <> "", VLOOKUP(IFERROR(VLOOKUP('GBG Filtered'!U501, FormFixes, 2, false), 'GBG Filtered'!U501), PokemonIcons, 2, False), "") | X507: =IF('GBG Filtered'!V501 <> "", VLOOKUP(IFERROR(VLOOKUP('GBG Filtered'!V501, FormFixes, 2, false), 'GBG Filtered'!V501), PokemonIcons, 2, False), "") | AA507: =IF('GBG Filtered'!Y501 <> "", VLOOKUP(IFERROR(VLOOKUP('GBG Filtered'!Y501, FormFixes, 2, false), 'GBG Filtered'!Y501), PokemonIcons, 2, False), "") | AB507: =IF('GBG Filtered'!Z501 <> "", VLOOKUP('GBG Filtered'!Z501, TypeIcons, 2, False), "") | AC507: =IF('GBG Filtered'!AA501 <> "", VLOOKUP(IFERROR(VLOOKUP('GBG Filtered'!AA501, FormFixes, 2, false), 'GBG Filtered'!AA501), PokemonIcons, 2, False), "") | AD507: =IF('GBG Filtered'!AB501 <> "", VLOOKUP('GBG Filtered'!AB501, TypeIcons, 2, False), "") | AE507: ='GBG Filtered'!AC501 | AF507: ='GBG Filtered'!AD501 | AG507: ='GBG Filtered'!AE501

Sheet Match by Match
B2: Set | E2: Opposing Team | O2: Replay Links | T2: Match Notes
B3: =IF('MBM Data'!J2 <> "", 'MBM Data'!A2, "") | C3: ='MBM Data'!J2 | D3: =IF(E3 <> "", "vs", "") | E3: ='MBM Data'!B2 | F3: =IF('MBM Data'!C2 <> "", VLOOKUP(IFERROR(VLOOKUP('MBM Data'!C2, FormFixes, 2, false), 'MBM Data'!C2), PokemonIcons, 2, False), "") | G3: =IF('MBM Data'!D2 <> "", VLOOKUP(IFERROR(VLOOKUP('MBM Data'!D2, FormFixes, 2, false), 'MBM Data'!D2), PokemonIcons, 2, False), "") | H3: =IF('MBM Data'!E2 <> "", VLOOKUP(IFERROR(VLOOKUP('MBM Data'!E2, FormFixes, 2, false), 'MBM Data'!E2), PokemonIcons, 2, False), "") | I3: =IF('MBM Data'!F2 <> "", VLOOKUP(IFERROR(VLOOKUP('MBM Data'!F2, FormFixes, 2, false), 'MBM Data'!F2), PokemonIcons, 2, False), "") | J3: =IF('MBM Data'!G2 <> "", VLOOKUP(IFERROR(VLOOKUP('MBM Data'!G2, FormFixes, 2, false), 'MBM Data'!G2), PokemonIcons, 2, False), "") | K3: =IF('MBM Data'!H2 <> "", VLOOKUP(IFERROR(VLOOKUP('MBM Data'!H2, FormFixes, 2, false), 'MBM Data'!H2), PokemonIcons, 2, False), "") | O3: =IFERROR(IF('MBM Data'!K2 <> "n/a", HYPERLINK('MBM Data'!K2, "G1"), ""), "") | P3: =IFERROR(IF('MBM Data'!L2 <> "n/a", HYPERLINK('MBM Data'!L2, "G2"), ""), "") | Q3: =IFERROR(IF('MBM Data'!M2 <> "n/a", HYPERLINK('MBM Data'!M2, "G3"), ""), "")
B4: =IF('MBM Data'!J3 <> "", 'MBM Data'!A3, "") | C4: ='MBM Data'!J3 | D4: =IF(E4 <> "", "vs", "") | E4: ='MBM Data'!B3 | F4: =IF('MBM Data'!C3 <> "", VLOOKUP(IFERROR(VLOOKUP('MBM Data'!C3, FormFixes, 2, false), 'MBM Data'!C3), PokemonIcons, 2, False), "") | G4: =IF('MBM Data'!D3 <> "", VLOOKUP(IFERROR(VLOOKUP('MBM Data'!D3, FormFixes, 2, false), 'MBM Data'!D3), PokemonIcons, 2, False), "") | H4: =IF('MBM Data'!E3 <> "", VLOOKUP(IFERROR(VLOOKUP('MBM Data'!E3, FormFixes, 2, false), 'MBM Data'!E3), PokemonIcons, 2, False), "") | I4: =IF('MBM Data'!F3 <> "", VLOOKUP(IFERROR(VLOOKUP('MBM Data'!F3, FormFixes, 2, false), 'MBM Data'!F3), PokemonIcons, 2, False), "") | J4: =IF('MBM Data'!G3 <> "", VLOOKUP(IFERROR(VLOOKUP('MBM Data'!G3, FormFixes, 2, false), 'MBM Data'!G3), PokemonIcons, 2, False), "") | K4: =IF('MBM Data'!H3 <> "", VLOOKUP(IFERROR(VLOOKUP('MBM Data'!H3, FormFixes, 2, false), 'MBM Data'!H3), PokemonIcons, 2, False), "") | O4: =IFERROR(IF('MBM Data'!K3 <> "n/a", HYPERLINK('MBM Data'!K3, "G1"), ""), "") | P4: =IFERROR(IF('MBM Data'!L3 <> "n/a", HYPERLINK('MBM Data'!L3, "G2"), ""), "") | Q4: =IFERROR(IF('MBM Data'!M3 <> "n/a", HYPERLINK('MBM Data'!M3, "G3"), ""), "")
B5: =IF('MBM Data'!J4 <> "", 'MBM Data'!A4, "") | C5: ='MBM Data'!J4 | D5: =IF(E5 <> "", "vs", "") | E5: ='MBM Data'!B4 | F5: =IF('MBM Data'!C4 <> "", VLOOKUP(IFERROR(VLOOKUP('MBM Data'!C4, FormFixes, 2, false), 'MBM Data'!C4), PokemonIcons, 2, False), "") | G5: =IF('MBM Data'!D4 <> "", VLOOKUP(IFERROR(VLOOKUP('MBM Data'!D4, FormFixes, 2, false), 'MBM Data'!D4), PokemonIcons, 2, False), "") | H5: =IF('MBM Data'!E4 <> "", VLOOKUP(IFERROR(VLOOKUP('MBM Data'!E4, FormFixes, 2, false), 'MBM Data'!E4), PokemonIcons, 2, False), "") | I5: =IF('MBM Data'!F4 <> "", VLOOKUP(IFERROR(VLOOKUP('MBM Data'!F4, FormFixes, 2, false), 'MBM Data'!F4), PokemonIcons, 2, False), "") | J5: =IF('MBM Data'!G4 <> "", VLOOKUP(IFERROR(VLOOKUP('MBM Data'!G4, FormFixes, 2, false), 'MBM Data'!G4), PokemonIcons, 2, False), "") | K5: =IF('MBM Data'!H4 <> "", VLOOKUP(IFERROR(VLOOKUP('MBM Data'!H4, FormFixes, 2, false), 'MBM Data'!H4), PokemonIcons, 2, False), "") | O5: =IFERROR(IF('MBM Data'!K4 <> "n/a", HYPERLINK('MBM Data'!K4, "G1"), ""), "") | P5: =IFERROR(IF('MBM Data'!L4 <> "n/a", HYPERLINK('MBM Data'!L4, "G2"), ""), "") | Q5: =IFERROR(IF('MBM Data'!M4 <> "n/a", HYPERLINK('MBM Data'!M4, "G3"), ""), "")
B6: =IF('MBM Data'!J5 <> "", 'MBM Data'!A5, "") | C6: ='MBM Data'!J5 | D6: =IF(E6 <> "", "vs", "") | E6: ='MBM Data'!B5 | F6: =IF('MBM Data'!C5 <> "", VLOOKUP(IFERROR(VLOOKUP('MBM Data'!C5, FormFixes, 2, false), 'MBM Data'!C5), PokemonIcons, 2, False), "") | G6: =IF('MBM Data'!D5 <> "", VLOOKUP(IFERROR(VLOOKUP('MBM Data'!D5, FormFixes, 2, false), 'MBM Data'!D5), PokemonIcons, 2, False), "") | H6: =IF('MBM Data'!E5 <> "", VLOOKUP(IFERROR(VLOOKUP('MBM Data'!E5, FormFixes, 2, false), 'MBM Data'!E5), PokemonIcons, 2, False), "") | I6: =IF('MBM Data'!F5 <> "", VLOOKUP(IFERROR(VLOOKUP('MBM Data'!F5, FormFixes, 2, false), 'MBM Data'!F5), PokemonIcons, 2, False), "") | J6: =IF('MBM Data'!G5 <> "", VLOOKUP(IFERROR(VLOOKUP('MBM Data'!G5, FormFixes, 2, false), 'MBM Data'!G5), PokemonIcons, 2, False), "") | K6: =IF('MBM Data'!H5 <> "", VLOOKUP(IFERROR(VLOOKUP('MBM Data'!H5, FormFixes, 2, false), 'MBM Data'!H5), PokemonIcons, 2, False), "") | O6: =IFERROR(IF('MBM Data'!K5 <> "n/a", HYPERLINK('MBM Data'!K5, "G1"), ""), "") | P6: =IFERROR(IF('MBM Data'!L5 <> "n/a", HYPERLINK('MBM Data'!L5, "G2"), ""), "") | Q6: =IFERROR(IF('MBM Data'!M5 <> "n/a", HYPERLINK('MBM Data'!M5, "G3"), ""), "")
B7: =IF('MBM Data'!J6 <> "", 'MBM Data'!A6, "") | C7: ='MBM Data'!J6 | D7: =IF(E7 <> "", "vs", "") | E7: ='MBM Data'!B6 | F7: =IF('MBM Data'!C6 <> "", VLOOKUP(IFERROR(VLOOKUP('MBM Data'!C6, FormFixes, 2, false), 'MBM Data'!C6), PokemonIcons, 2, False), "") | G7: =IF('MBM Data'!D6 <> "", VLOOKUP(IFERROR(VLOOKUP('MBM Data'!D6, FormFixes, 2, false), 'MBM Data'!D6), PokemonIcons, 2, False), "") | H7: =IF('MBM Data'!E6 <> "", VLOOKUP(IFERROR(VLOOKUP('MBM Data'!E6, FormFixes, 2, false), 'MBM Data'!E6), PokemonIcons, 2, False), "") | I7: =IF('MBM Data'!F6 <> "", VLOOKUP(IFERROR(VLOOKUP('MBM Data'!F6, FormFixes, 2, false), 'MBM Data'!F6), PokemonIcons, 2, False), "") | J7: =IF('MBM Data'!G6 <> "", VLOOKUP(IFERROR(VLOOKUP('MBM Data'!G6, FormFixes, 2, false), 'MBM Data'!G6), PokemonIcons, 2, False), "") | K7: =IF('MBM Data'!H6 <> "", VLOOKUP(IFERROR(VLOOKUP('MBM Data'!H6, FormFixes, 2, false), 'MBM Data'!H6), PokemonIcons, 2, False), "") | O7: =IFERROR(IF('MBM Data'!K6 <> "n/a", HYPERLINK('MBM Data'!K6, "G1"), ""), "") | P7: =IFERROR(IF('MBM Data'!L6 <> "n/a", HYPERLINK('MBM Data'!L6, "G2"), ""), "") | Q7: =IFERROR(IF('MBM Data'!M6 <> "n/a", HYPERLINK('MBM Data'!M6, "G3"), ""), "")
B8: =IF('MBM Data'!J7 <> "", 'MBM Data'!A7, "") | C8: ='MBM Data'!J7 | D8: =IF(E8 <> "", "vs", "") | E8: ='MBM Data'!B7 | F8: =IF('MBM Data'!C7 <> "", VLOOKUP(IFERROR(VLOOKUP('MBM Data'!C7, FormFixes, 2, false), 'MBM Data'!C7), PokemonIcons, 2, False), "") | G8: =IF('MBM Data'!D7 <> "", VLOOKUP(IFERROR(VLOOKUP('MBM Data'!D7, FormFixes, 2, false), 'MBM Data'!D7), PokemonIcons, 2, False), "") | H8: =IF('MBM Data'!E7 <> "", VLOOKUP(IFERROR(VLOOKUP('MBM Data'!E7, FormFixes, 2, false), 'MBM Data'!E7), PokemonIcons, 2, False), "") | I8: =IF('MBM Data'!F7 <> "", VLOOKUP(IFERROR(VLOOKUP('MBM Data'!F7, FormFixes, 2, false), 'MBM Data'!F7), PokemonIcons, 2, False), "") | J8: =IF('MBM Data'!G7 <> "", VLOOKUP(IFERROR(VLOOKUP('MBM Data'!G7, FormFixes, 2, false), 'MBM Data'!G7), PokemonIcons, 2, False), "") | K8: =IF('MBM Data'!H7 <> "", VLOOKUP(IFERROR(VLOOKUP('MBM Data'!H7, FormFixes, 2, false), 'MBM Data'!H7), PokemonIcons, 2, False), "") | O8: =IFERROR(IF('MBM Data'!K7 <> "n/a", HYPERLINK('MBM Data'!K7, "G1"), ""), "") | P8: =IFERROR(IF('MBM Data'!L7 <> "n/a", HYPERLINK('MBM Data'!L7, "G2"), ""), "") | Q8: =IFERROR(IF('MBM Data'!M7 <> "n/a", HYPERLINK('MBM Data'!M7, "G3"), ""), "")
B9: =IF('MBM Data'!J8 <> "", 'MBM Data'!A8, "") | C9: ='MBM Data'!J8 | D9: =IF(E9 <> "", "vs", "") | E9: ='MBM Data'!B8 | F9: =IF('MBM Data'!C8 <> "", VLOOKUP(IFERROR(VLOOKUP('MBM Data'!C8, FormFixes, 2, false), 'MBM Data'!C8), PokemonIcons, 2, False), "") | G9: =IF('MBM Data'!D8 <> "", VLOOKUP(IFERROR(VLOOKUP('MBM Data'!D8, FormFixes, 2, false), 'MBM Data'!D8), PokemonIcons, 2, False), "") | H9: =IF('MBM Data'!E8 <> "", VLOOKUP(IFERROR(VLOOKUP('MBM Data'!E8, FormFixes, 2, false), 'MBM Data'!E8), PokemonIcons, 2, False), "") | I9: =IF('MBM Data'!F8 <> "", VLOOKUP(IFERROR(VLOOKUP('MBM Data'!F8, FormFixes, 2, false), 'MBM Data'!F8), PokemonIcons, 2, False), "") | J9: =IF('MBM Data'!G8 <> "", VLOOKUP(IFERROR(VLOOKUP('MBM Data'!G8, FormFixes, 2, false), 'MBM Data'!G8), PokemonIcons, 2, False), "") | K9: =IF('MBM Data'!H8 <> "", VLOOKUP(IFERROR(VLOOKUP('MBM Data'!H8, FormFixes, 2, false), 'MBM Data'!H8), PokemonIcons, 2, False), "") | O9: =IFERROR(IF('MBM Data'!K8 <> "n/a", HYPERLINK('MBM Data'!K8, "G1"), ""), "") | P9: =IFERROR(IF('MBM Data'!L8 <> "n/a", HYPERLINK('MBM Data'!L8, "G2"), ""), "") | Q9: =IFERROR(IF('MBM Data'!M8 <> "n/a", HYPERLINK('MBM Data'!M8, "G3"), ""), "")
B10: =IF('MBM Data'!J9 <> "", 'MBM Data'!A9, "") | C10: ='MBM Data'!J9 | D10: =IF(E10 <> "", "vs", "") | E10: ='MBM Data'!B9 | F10: =IF('MBM Data'!C9 <> "", VLOOKUP(IFERROR(VLOOKUP('MBM Data'!C9, FormFixes, 2, false), 'MBM Data'!C9), PokemonIcons, 2, False), "") | G10: =IF('MBM Data'!D9 <> "", VLOOKUP(IFERROR(VLOOKUP('MBM Data'!D9, FormFixes, 2, false), 'MBM Data'!D9), PokemonIcons, 2, False), "") | H10: =IF('MBM Data'!E9 <> "", VLOOKUP(IFERROR(VLOOKUP('MBM Data'!E9, FormFixes, 2, false), 'MBM Data'!E9), PokemonIcons, 2, False), "") | I10: =IF('MBM Data'!F9 <> "", VLOOKUP(IFERROR(VLOOKUP('MBM Data'!F9, FormFixes, 2, false), 'MBM Data'!F9), PokemonIcons, 2, False), "") | J10: =IF('MBM Data'!G9 <> "", VLOOKUP(IFERROR(VLOOKUP('MBM Data'!G9, FormFixes, 2, false), 'MBM Data'!G9), PokemonIcons, 2, False), "") | K10: =IF('MBM Data'!H9 <> "", VLOOKUP(IFERROR(VLOOKUP('MBM Data'!H9, FormFixes, 2, false), 'MBM Data'!H9), PokemonIcons, 2, False), "") | O10: =IFERROR(IF('MBM Data'!K9 <> "n/a", HYPERLINK('MBM Data'!K9, "G1"), ""), "") | P10: =IFERROR(IF('MBM Data'!L9 <> "n/a", HYPERLINK('MBM Data'!L9, "G2"), ""), "") | Q10: =IFERROR(IF('MBM Data'!M9 <> "n/a", HYPERLINK('MBM Data'!M9, "G3"), ""), "")
B11: =IF('MBM Data'!J10 <> "", 'MBM Data'!A10, "") | C11: ='MBM Data'!J10 | D11: =IF(E11 <> "", "vs", "") | E11: ='MBM Data'!B10 | F11: =IF('MBM Data'!C10 <> "", VLOOKUP(IFERROR(VLOOKUP('MBM Data'!C10, FormFixes, 2, false), 'MBM Data'!C10), PokemonIcons, 2, False), "") | G11: =IF('MBM Data'!D10 <> "", VLOOKUP(IFERROR(VLOOKUP('MBM Data'!D10, FormFixes, 2, false), 'MBM Data'!D10), PokemonIcons, 2, False), "") | H11: =IF('MBM Data'!E10 <> "", VLOOKUP(IFERROR(VLOOKUP('MBM Data'!E10, FormFixes, 2, false), 'MBM Data'!E10), PokemonIcons, 2, False), "") | I11: =IF('MBM Data'!F10 <> "", VLOOKUP(IFERROR(VLOOKUP('MBM Data'!F10, FormFixes, 2, false), 'MBM Data'!F10), PokemonIcons, 2, False), "") | J11: =IF('MBM Data'!G10 <> "", VLOOKUP(IFERROR(VLOOKUP('MBM Data'!G10, FormFixes, 2, false), 'MBM Data'!G10), PokemonIcons, 2, False), "") | K11: =IF('MBM Data'!H10 <> "", VLOOKUP(IFERROR(VLOOKUP('MBM Data'!H10, FormFixes, 2, false), 'MBM Data'!H10), PokemonIcons, 2, False), "") | O11: =IFERROR(IF('MBM Data'!K10 <> "n/a", HYPERLINK('MBM Data'!K10, "G1"), ""), "") | P11: =IFERROR(IF('MBM Data'!L10 <> "n/a", HYPERLINK('MBM Data'!L10, "G2"), ""), "") | Q11: =IFERROR(IF('MBM Data'!M10 <> "n/a", HYPERLINK('MBM Data'!M10, "G3"), ""), "")
B12: =IF('MBM Data'!J11 <> "", 'MBM Data'!A11, "") | C12: ='MBM Data'!J11 | D12: =IF(E12 <> "", "vs", "") | E12: ='MBM Data'!B11 | F12: =IF('MBM Data'!C11 <> "", VLOOKUP(IFERROR(VLOOKUP('MBM Data'!C11, FormFixes, 2, false), 'MBM Data'!C11), PokemonIcons, 2, False), "") | G12: =IF('MBM Data'!D11 <> "", VLOOKUP(IFERROR(VLOOKUP('MBM Data'!D11, FormFixes, 2, false), 'MBM Data'!D11), PokemonIcons, 2, False), "") | H12: =IF('MBM Data'!E11 <> "", VLOOKUP(IFERROR(VLOOKUP('MBM Data'!E11, FormFixes, 2, false), 'MBM Data'!E11), PokemonIcons, 2, False), "") | I12: =IF('MBM Data'!F11 <> "", VLOOKUP(IFERROR(VLOOKUP('MBM Data'!F11, FormFixes, 2, false), 'MBM Data'!F11), PokemonIcons, 2, False), "") | J12: =IF('MBM Data'!G11 <> "", VLOOKUP(IFERROR(VLOOKUP('MBM Data'!G11, FormFixes, 2, false), 'MBM Data'!G11), PokemonIcons, 2, False), "") | K12: =IF('MBM Data'!H11 <> "", VLOOKUP(IFERROR(VLOOKUP('MBM Data'!H11, FormFixes, 2, false), 'MBM Data'!H11), PokemonIcons, 2, False), "") | O12: =IFERROR(IF('MBM Data'!K11 <> "n/a", HYPERLINK('MBM Data'!K11, "G1"), ""), "") | P12: =IFERROR(IF('MBM Data'!L11 <> "n/a", HYPERLINK('MBM Data'!L11, "G2"), ""), "") | Q12: =IFERROR(IF('MBM Data'!M11 <> "n/a", HYPERLINK('MBM Data'!M11, "G3"), ""), "")
B13: =IF('MBM Data'!J12 <> "", 'MBM Data'!A12, "") | C13: ='MBM Data'!J12 | D13: =IF(E13 <> "", "vs", "") | E13: ='MBM Data'!B12 | F13: =IF('MBM Data'!C12 <> "", VLOOKUP(IFERROR(VLOOKUP('MBM Data'!C12, FormFixes, 2, false), 'MBM Data'!C12), PokemonIcons, 2, False), "") | G13: =IF('MBM Data'!D12 <> "", VLOOKUP(IFERROR(VLOOKUP('MBM Data'!D12, FormFixes, 2, false), 'MBM Data'!D12), PokemonIcons, 2, False), "") | H13: =IF('MBM Data'!E12 <> "", VLOOKUP(IFERROR(VLOOKUP('MBM Data'!E12, FormFixes, 2, false), 'MBM Data'!E12), PokemonIcons, 2, False), "") | I13: =IF('MBM Data'!F12 <> "", VLOOKUP(IFERROR(VLOOKUP('MBM Data'!F12, FormFixes, 2, false), 'MBM Data'!F12), PokemonIcons, 2, False), "") | J13: =IF('MBM Data'!G12 <> "", VLOOKUP(IFERROR(VLOOKUP('MBM Data'!G12, FormFixes, 2, false), 'MBM Data'!G12), PokemonIcons, 2, False), "") | K13: =IF('MBM Data'!H12 <> "", VLOOKUP(IFERROR(VLOOKUP('MBM Data'!H12, FormFixes, 2, false), 'MBM Data'!H12), PokemonIcons, 2, False), "") | O13: =IFERROR(IF('MBM Data'!K12 <> "n/a", HYPERLINK('MBM Data'!K12, "G1"), ""), "") | P13: =IFERROR(IF('MBM Data'!L12 <> "n/a", HYPERLINK('MBM Data'!L12, "G2"), ""), "") | Q13: =IFERROR(IF('MBM Data'!M12 <> "n/a", HYPERLINK('MBM Data'!M12, "G3"), ""), "")
B14: =IF('MBM Data'!J13 <> "", 'MBM Data'!A13, "") | C14: ='MBM Data'!J13 | D14: =IF(E14 <> "", "vs", "") | E14: ='MBM Data'!B13 | F14: =IF('MBM Data'!C13 <> "", VLOOKUP(IFERROR(VLOOKUP('MBM Data'!C13, FormFixes, 2, false), 'MBM Data'!C13), PokemonIcons, 2, False), "") | G14: =IF('MBM Data'!D13 <> "", VLOOKUP(IFERROR(VLOOKUP('MBM Data'!D13, FormFixes, 2, false), 'MBM Data'!D13), PokemonIcons, 2, False), "") | H14: =IF('MBM Data'!E13 <> "", VLOOKUP(IFERROR(VLOOKUP('MBM Data'!E13, FormFixes, 2, false), 'MBM Data'!E13), PokemonIcons, 2, False), "") | I14: =IF('MBM Data'!F13 <> "", VLOOKUP(IFERROR(VLOOKUP('MBM Data'!F13, FormFixes, 2, false), 'MBM Data'!F13), PokemonIcons, 2, False), "") | J14: =IF('MBM Data'!G13 <> "", VLOOKUP(IFERROR(VLOOKUP('MBM Data'!G13, FormFixes, 2, false), 'MBM Data'!G13), PokemonIcons, 2, False), "") | K14: =IF('MBM Data'!H13 <> "", VLOOKUP(IFERROR(VLOOKUP('MBM Data'!H13, FormFixes, 2, false), 'MBM Data'!H13), PokemonIcons, 2, False), "") | O14: =IFERROR(IF('MBM Data'!K13 <> "n/a", HYPERLINK('MBM Data'!K13, "G1"), ""), "") | P14: =IFERROR(IF('MBM Data'!L13 <> "n/a", HYPERLINK('MBM Data'!L13, "G2"), ""), "") | Q14: =IFERROR(IF('MBM Data'!M13 <> "n/a", HYPERLINK('MBM Data'!M13, "G3"), ""), "")
... B502: =IF('MBM Data'!J501 <> "", 'MBM Data'!A501, "") | C502: ='MBM Data'!J501 | D502: =IF(E502 <> "", "vs", "") | E502: ='MBM Data'!B501 | F502: =IF('MBM Data'!C501 <> "", VLOOKUP(IFERROR(VLOOKUP('MBM Data'!C501, FormFixes, 2, false), 'MBM Data'!C501), PokemonIcons, 2, False), "") | G502: =IF('MBM Data'!D501 <> "", VLOOKUP(IFERROR(VLOOKUP('MBM Data'!D501, FormFixes, 2, false), 'MBM Data'!D501), PokemonIcons, 2, False), "") | H502: =IF('MBM Data'!E501 <> "", VLOOKUP(IFERROR(VLOOKUP('MBM Data'!E501, FormFixes, 2, false), 'MBM Data'!E501), PokemonIcons, 2, False), "") | I502: =IF('MBM Data'!F501 <> "", VLOOKUP(IFERROR(VLOOKUP('MBM Data'!F501, FormFixes, 2, false), 'MBM Data'!F501), PokemonIcons, 2, False), "") | J502: =IF('MBM Data'!G501 <> "", VLOOKUP(IFERROR(VLOOKUP('MBM Data'!G501, FormFixes, 2, false), 'MBM Data'!G501), PokemonIcons, 2, False), "") | K502: =IF('MBM Data'!H501 <> "", VLOOKUP(IFERROR(VLOOKUP('MBM Data'!H501, FormFixes, 2, false), 'MBM Data'!H501), PokemonIcons, 2, False), "") | O502: =IFERROR(IF('MBM Data'!K501 <> "n/a", HYPERLINK('MBM Data'!K501, "G1"), ""), "") | P502: =IFERROR(IF('MBM Data'!L501 <> "n/a", HYPERLINK('MBM Data'!L501, "G2"), ""), "") | Q502: =IFERROR(IF('MBM Data'!M501 <> "n/a", HYPERLINK('MBM Data'!M501, "G3"), ""), "")

Sheet Errors
A1: Error | B1: Condition | C1: Solution | E1: Current Error | F1: Current Solution
A2: Invalid Links | B2: =COUNTIF('Replay Entries'!C7:C506, "*replay.pokemonshowdown.com*") <> COUNTA('Replay Entries'!C7:C506) -> FALSE | C2: Double-Check your replay links on the "Replay Entries" tab and make sure they are all valid showdown links | E2: =IFERROR(__xludf.DUMMYFUNCTION("IFERROR(QUERY(A1:C4, ""SELECT Col1, Col3 WHERE Col2 = TRUE LIMIT 1"", false), """")"),"")
A3: Name Match Errors | B3: =COUNTIF('Replay Entries'!G7:G506, ISERROR())>0 -> FALSE | C3: Double-Check your showdown name(s) on the Home tab to make sure there are no typos or missing alternate usernames
A4: Duplicate Replays | B4: =COUNTIF('Replay Entries'!F7:F506, "DUPE")>0 -> FALSE | C4: Review your replay links and check for the "DUPE" warning in Column F

Sheet Base Data
B1: P1 Name and Mons | I1: P2 Name and Mons | Q1: Terastallize | U1: Leads | Y1: OTS? | Z1: Start ELO | AB1: End ELO | AN1: USAGE of MONS | DA1: <- DATA | DB1: CALCS -> | DC1: Player Mon 1 | DD1: Player Mon 2 | DE1: Player Mon 3 | DF1: Player Mon 4 | DG1: Player Lead | DH1: Player Lead | DI1: Opp Lead | DJ1: Opp Lead | DK1: Opp Back | DL1: Opp Back | DM1: PLAYER NUMBER | DN1: Player Tera | DO1: Player Tera Type | DP1: Opp Tera | DQ1: Opp Tera Type | DR1: 122 | DS1: 123 | DT1: 124 | DU1: 125 | DV1: 126 | DW1: 127 | DX1: 128 | DY1: OPP NAME | DZ1: 130 | EA1: 131 | EB1: 132 | EC1: 133 | ED1: 134 | EE1: 135 | EF1: 136 | EH1: P1 Moves start | EI1: P1 Moves End | EJ1: P2 Moves Start | EK1: P2 Moves end | EL1: PLAYERS RANGE | EM1: $ CLEAN | EN1: PLAYER ELO | EO1: OPP ELO
A2: Replays | B2: Player 1 | C2: Pokémon 1 | D2: Pokémon 2 | E2: Pokémon 3 | F2: Pokémon 4 | G2: Pokémon 5 | H2: Pokémon 6 | I2: Player 2 | J2: Pokémon 1 | K2: Pokémon 2 | L2: Pokémon 3 | M2: Pokémon 4 | N2: Pokémon 5 | O2: Pokémon 6 | P2: Win | Q2: P1 Tera | R2: P1 Tera Type | S2: P2 Tera | T2: P2 Tera Type | U2: P1 Lead | V2: P1 Lead | W2: P2 Lead | X2: P2 Lead | Y2: NUM BATT LINES | Z2: P1 | AA2: P2 | AB2: P1 | AC2: P2 | AN2: P1 - 1 | AO2: P1 - 2 | AP2: P1 - 3 | AQ2: P1 - 4 | AR2: P2 - 1 | AS2: P2 - 2 | AT2: P2 - 3 | AU2: P2 - 4 | AV2: 48 | AW2: 49 | AX2: 50 | AY2: 51 | AZ2: 52 | BA2: 53 | BB2: 54 | BC2: 55 | BD2: 56 | BE2: 57 | BF2: 58 | BG2: 59 | BH2: 60 | BI2: 61 | BJ2: 62 | BK2: 63 | BL2: 64 | BM2: 65 | BN2: 66 | BO2: 67 | BP2: 68 | BQ2: 69 | BR2: 70 | BS2: 71 | BT2: 72 | BU2: 73 | BV2: 74 | BW2: 75 | BX2: 76 | BY2: 77 | BZ2: 78 | CA2: 79 | CB2: 80 | CC2: 81 | CD2: 82 | CE2: 83 | CF2: 84 | CG2: 85 | CH2: 86 | CI2: 87 | CJ2: 88 | CK2: 89 | CL2: 90 | CM2: 91 | CN2: 92 | CO2: 93 | CP2: 94 | CQ2: 95 | CR2: 96 | CS2: 97 | CT2: 98 | CU2: 99 | CV2: 100 | CW2: 101 | CX2: 102 | CY2: 103 | CZ2: 104 | DA2: 105 | DB2: 106 | DC2: 107 | DD2: 108 | DE2: 109 | DF2: 110 | DG2: 111 | DH2: 112 | DI2: 113 | DJ2: 114 | DK2: 115 | DL2: 116 | DM2: 117 | DN2: 118 | DO2: 119 | DP2: 120 | DQ2: 121 | DR2: Is player? | EG2: 137 | EH2: 138 | EI2: 139 | EJ2: 140 | EK2: 141 | EL2: 142 | EM2: 143 | EN2: 144 | EO2: 145
B3: =IF('Replay Entries'!C7<>"", REPLAYTODATA('Replay Entries'!C7), "") | DC3: =(if(DM3 = "1", AN3, AR3)) | DD3: =(if(DM3 = "1", AO3, AS3)) | DE3: =(if(DM3 = "1", AP3, AT3)) | DF3: =(if(DM3 = "1", AQ3, AU3)) | DG3: =IF(DM3="1", U3, W3) | DH3: =IF(DM3="1", V3, X3) | DI3: =IF(DM3="1", W3, U3) | DJ3: =IF(DM3="1", X3, V3) | DK3: =(if(DM3 = "1", AT3, AP3)) | DL3: =(if(DM3 = "1", AU3, AQ3)) | DM3: =IF(DR3=B3,"1",IF(DR3=I3, "2", "ERROR")) -> 1 | DN3: =IF(DM3 = "1", Q3, S3) | DO3: =IF(DM3 = "1", R3, T3) | DP3: =IF(DM3 = "1", S3, Q3) | DQ3: =IF(DM3 = "1", T3, R3) | DR3: =IF(COUNTIF(PlayerAltNames,B3)>0, B3, IF(COUNTIF(PlayerAltNames,I3)>0, I3, "NULL ERR PLAY")) | DS3: =IF(COUNTIF($I3,$DR3)>0, J3, C3) | DT3: =IF(COUNTIF($I3,$DR3)>0, K3, D3) | DU3: =IF(COUNTIF($I3,$DR3)>0, L3, E3) | DV3: =IF(COUNTIF($I3,$DR3)>0, M3, F3) | DW3: =IF(COUNTIF($I3,$DR3)>0, N3, G3) | DX3: =IF(COUNTIF($I3,$DR3)>0, O3, H3) | DY3: =IF(COUNTIF(I3,DR3) > 0, B3, I3) | DZ3: =IF(COUNTIF($I3,$DY3), J3, C3) | EA3: =IF(COUNTIF($I3,$DY3), K3, D3) | EB3: =IF(COUNTIF($I3,$DY3), L3, E3) | EC3: =IF(COUNTIF($I3,$DY3), M3, F3) | ED3: =IF(COUNTIF($I3,$DY3), N3, G3) | EE3: =IF(COUNTIF($I3,$DY3), O3, H3) | EF3: =IF('Replay Entries'!C7 <> "", IFS(AND(P3 = 1, COUNTIF(PlayerAltNames, B3)>0), "Win", AND(P3 = 1, COUNTIF(PlayerAltNames, I3)>0), "Loss", AND(P3 = 2, COUNTIF(PlayerAltNames, I3)>0), "Win", AND(P3 = 2, COUNTIF(PlayerAltNames, B3)>0), "Loss"), "") | EH3: =CELL("address", INDEX(AV3:CZ3, MATCH("P1 MOVES START", AV3:CZ3, 0))) -> #N/A | EI3: =CELL("address", INDEX(AV3:CZ3, MATCH("P1 MOVES END", AV3:CZ3, 0))) -> #N/A | EJ3: =CELL("address", INDEX(AV3:CZ3, MATCH("P2 MOVES START", AV3:CZ3, 0))) -> #N/A | EK3: =CELL("address", INDEX(AV3:CZ3, MATCH("P2 MOVES END", AV3:CZ3, 0))) -> #N/A | EL3: =IF(DM3 = "1", CONCATENATE(EH3, ":", EI3), CONCATENATE(EJ3, ":", EK3)) -> #N/A | EM3: =SUBSTITUTE(EL3, "$", "") -> #N/A | EN3: =IF(DM3 = "1", ("" & Z3 & " -> " & AB3), ("" & AA3 & " -> " & AC3)) -> -> | EO3: =IF(DM3 = "1", AA3, Z3)
B4: =IF('Replay Entries'!C8<>"", REPLAYTODATA('Replay Entries'!C8), "") | DC4: =(if(DM4 = "1", AN4, AR4)) | DD4: =(if(DM4 = "1", AO4, AS4)) | DE4: =(if(DM4 = "1", AP4, AT4)) | DF4: =(if(DM4 = "1", AQ4, AU4)) | DG4: =IF(DM4="1", U4, W4) | DH4: =IF(DM4="1", V4, X4) | DI4: =IF(DM4="1", W4, U4) | DJ4: =IF(DM4="1", X4, V4) | DK4: =(if(DM4 = "1", AT4, AP4)) | DL4: =(if(DM4 = "1", AU4, AQ4)) | DM4: =IF(DR4=B4,"1",IF(DR4=I4, "2", "ERROR")) -> 1 | DN4: =IF(DM4 = "1", Q4, S4) | DO4: =IF(DM4 = "1", R4, T4) | DP4: =IF(DM4 = "1", S4, Q4) | DQ4: =IF(DM4 = "1", T4, R4) | DR4: =IF(COUNTIF(PlayerAltNames,B4)>0, B4, IF(COUNTIF(PlayerAltNames,I4)>0, I4, "NULL ERR PLAY")) | DS4: =IF(COUNTIF($I4,$DR4)>0, J4, C4) | DT4: =IF(COUNTIF($I4,$DR4)>0, K4, D4) | DU4: =IF(COUNTIF($I4,$DR4)>0, L4, E4) | DV4: =IF(COUNTIF($I4,$DR4)>0, M4, F4) | DW4: =IF(COUNTIF($I4,$DR4)>0, N4, G4) | DX4: =IF(COUNTIF($I4,$DR4)>0, O4, H4) | DY4: =IF(COUNTIF(I4,DR4) > 0, B4, I4) | DZ4: =IF(COUNTIF($I4,$DY4), J4, C4) | EA4: =IF(COUNTIF($I4,$DY4), K4, D4) | EB4: =IF(COUNTIF($I4,$DY4), L4, E4) | EC4: =IF(COUNTIF($I4,$DY4), M4, F4) | ED4: =IF(COUNTIF($I4,$DY4), N4, G4) | EE4: =IF(COUNTIF($I4,$DY4), O4, H4) | EF4: =IF('Replay Entries'!C8 <> "", IFS(AND(P4 = 1, COUNTIF(PlayerAltNames, B4)>0), "Win", AND(P4 = 1, COUNTIF(PlayerAltNames, I4)>0), "Loss", AND(P4 = 2, COUNTIF(PlayerAltNames, I4)>0), "Win", AND(P4 = 2, COUNTIF(PlayerAltNames, B4)>0), "Loss"), "") | EH4: =CELL("address", INDEX(AV4:CZ4, MATCH("P1 MOVES START", AV4:CZ4, 0))) -> #N/A | EI4: =CELL("address", INDEX(AV4:CZ4, MATCH("P1 MOVES END", AV4:CZ4, 0))) -> #N/A | EJ4: =CELL("address", INDEX(AV4:CZ4, MATCH("P2 MOVES START", AV4:CZ4, 0))) -> #N/A | EK4: =CELL("address", INDEX(AV4:CZ4, MATCH("P2 MOVES END", AV4:CZ4, 0))) -> #N/A | EL4: =IF(DM4 = "1", CONCATENATE(EH4, ":", EI4), CONCATENATE(EJ4, ":", EK4)) -> #N/A | EM4: =SUBSTITUTE(EL4, "$", "") -> #N/A | EN4: =IF(DM4 = "1", ("" & Z4 & " -> " & AB4), ("" & AA4 & " -> " & AC4)) -> -> | EO4: =IF(DM4 = "1", AA4, Z4)
B5: =IF('Replay Entries'!C9<>"", REPLAYTODATA('Replay Entries'!C9), "") | DC5: =(if(DM5 = "1", AN5, AR5)) | DD5: =(if(DM5 = "1", AO5, AS5)) | DE5: =(if(DM5 = "1", AP5, AT5)) | DF5: =(if(DM5 = "1", AQ5, AU5)) | DG5: =IF(DM5="1", U5, W5) | DH5: =IF(DM5="1", V5, X5) | DI5: =IF(DM5="1", W5, U5) | DJ5: =IF(DM5="1", X5, V5) | DK5: =(if(DM5 = "1", AT5, AP5)) | DL5: =(if(DM5 = "1", AU5, AQ5)) | DM5: =IF(DR5=B5,"1",IF(DR5=I5, "2", "ERROR")) -> 1 | DN5: =IF(DM5 = "1", Q5, S5) | DO5: =IF(DM5 = "1", R5, T5) | DP5: =IF(DM5 = "1", S5, Q5) | DQ5: =IF(DM5 = "1", T5, R5) | DR5: =IF(COUNTIF(PlayerAltNames,B5)>0, B5, IF(COUNTIF(PlayerAltNames,I5)>0, I5, "NULL ERR PLAY")) | DS5: =IF(COUNTIF($I5,$DR5)>0, J5, C5) | DT5: =IF(COUNTIF($I5,$DR5)>0, K5, D5) | DU5: =IF(COUNTIF($I5,$DR5)>0, L5, E5) | DV5: =IF(COUNTIF($I5,$DR5)>0, M5, F5) | DW5: =IF(COUNTIF($I5,$DR5)>0, N5, G5) | DX5: =IF(COUNTIF($I5,$DR5)>0, O5, H5) | DY5: =IF(COUNTIF(I5,DR5) > 0, B5, I5) | DZ5: =IF(COUNTIF($I5,$DY5), J5, C5) | EA5: =IF(COUNTIF($I5,$DY5), K5, D5) | EB5: =IF(COUNTIF($I5,$DY5), L5, E5) | EC5: =IF(COUNTIF($I5,$DY5), M5, F5) | ED5: =IF(COUNTIF($I5,$DY5), N5, G5) | EE5: =IF(COUNTIF($I5,$DY5), O5, H5) | EF5: =IF('Replay Entries'!C9 <> "", IFS(AND(P5 = 1, COUNTIF(PlayerAltNames, B5)>0), "Win", AND(P5 = 1, COUNTIF(PlayerAltNames, I5)>0), "Loss", AND(P5 = 2, COUNTIF(PlayerAltNames, I5)>0), "Win", AND(P5 = 2, COUNTIF(PlayerAltNames, B5)>0), "Loss"), "") | EH5: =CELL("address", INDEX(AV5:CZ5, MATCH("P1 MOVES START", AV5:CZ5, 0))) -> #N/A | EI5: =CELL("address", INDEX(AV5:CZ5, MATCH("P1 MOVES END", AV5:CZ5, 0))) -> #N/A | EJ5: =CELL("address", INDEX(AV5:CZ5, MATCH("P2 MOVES START", AV5:CZ5, 0))) -> #N/A | EK5: =CELL("address", INDEX(AV5:CZ5, MATCH("P2 MOVES END", AV5:CZ5, 0))) -> #N/A | EL5: =IF(DM5 = "1", CONCATENATE(EH5, ":", EI5), CONCATENATE(EJ5, ":", EK5)) -> #N/A | EM5: =SUBSTITUTE(EL5, "$", "") -> #N/A | EN5: =IF(DM5 = "1", ("" & Z5 & " -> " & AB5), ("" & AA5 & " -> " & AC5)) -> -> | EO5: =IF(DM5 = "1", AA5, Z5)
B6: =IF('Replay Entries'!C10<>"", REPLAYTODATA('Replay Entries'!C10), "") | DC6: =(if(DM6 = "1", AN6, AR6)) | DD6: =(if(DM6 = "1", AO6, AS6)) | DE6: =(if(DM6 = "1", AP6, AT6)) | DF6: =(if(DM6 = "1", AQ6, AU6)) | DG6: =IF(DM6="1", U6, W6) | DH6: =IF(DM6="1", V6, X6) | DI6: =IF(DM6="1", W6, U6) | DJ6: =IF(DM6="1", X6, V6) | DK6: =(if(DM6 = "1", AT6, AP6)) | DL6: =(if(DM6 = "1", AU6, AQ6)) | DM6: =IF(DR6=B6,"1",IF(DR6=I6, "2", "ERROR")) -> 1 | DN6: =IF(DM6 = "1", Q6, S6) | DO6: =IF(DM6 = "1", R6, T6) | DP6: =IF(DM6 = "1", S6, Q6) | DQ6: =IF(DM6 = "1", T6, R6) | DR6: =IF(COUNTIF(PlayerAltNames,B6)>0, B6, IF(COUNTIF(PlayerAltNames,I6)>0, I6, "NULL ERR PLAY")) | DS6: =IF(COUNTIF($I6,$DR6)>0, J6, C6) | DT6: =IF(COUNTIF($I6,$DR6)>0, K6, D6) | DU6: =IF(COUNTIF($I6,$DR6)>0, L6, E6) | DV6: =IF(COUNTIF($I6,$DR6)>0, M6, F6) | DW6: =IF(COUNTIF($I6,$DR6)>0, N6, G6) | DX6: =IF(COUNTIF($I6,$DR6)>0, O6, H6) | DY6: =IF(COUNTIF(I6,DR6) > 0, B6, I6) | DZ6: =IF(COUNTIF($I6,$DY6), J6, C6) | EA6: =IF(COUNTIF($I6,$DY6), K6, D6) | EB6: =IF(COUNTIF($I6,$DY6), L6, E6) | EC6: =IF(COUNTIF($I6,$DY6), M6, F6) | ED6: =IF(COUNTIF($I6,$DY6), N6, G6) | EE6: =IF(COUNTIF($I6,$DY6), O6, H6) | EF6: =IF('Replay Entries'!C10 <> "", IFS(AND(P6 = 1, COUNTIF(PlayerAltNames, B6)>0), "Win", AND(P6 = 1, COUNTIF(PlayerAltNames, I6)>0), "Loss", AND(P6 = 2, COUNTIF(PlayerAltNames, I6)>0), "Win", AND(P6 = 2, COUNTIF(PlayerAltNames, B6)>0), "Loss"), "") | EH6: =CELL("address", INDEX(AV6:CZ6, MATCH("P1 MOVES START", AV6:CZ6, 0))) -> #N/A | EI6: =CELL("address", INDEX(AV6:CZ6, MATCH("P1 MOVES END", AV6:CZ6, 0))) -> #N/A | EJ6: =CELL("address", INDEX(AV6:CZ6, MATCH("P2 MOVES START", AV6:CZ6, 0))) -> #N/A | EK6: =CELL("address", INDEX(AV6:CZ6, MATCH("P2 MOVES END", AV6:CZ6, 0))) -> #N/A | EL6: =IF(DM6 = "1", CONCATENATE(EH6, ":", EI6), CONCATENATE(EJ6, ":", EK6)) -> #N/A | EM6: =SUBSTITUTE(EL6, "$", "") -> #N/A | EN6: =IF(DM6 = "1", ("" & Z6 & " -> " & AB6), ("" & AA6 & " -> " & AC6)) -> -> | EO6: =IF(DM6 = "1", AA6, Z6)
B7: =IF('Replay Entries'!C11<>"", REPLAYTODATA('Replay Entries'!C11), "") | DC7: =(if(DM7 = "1", AN7, AR7)) | DD7: =(if(DM7 = "1", AO7, AS7)) | DE7: =(if(DM7 = "1", AP7, AT7)) | DF7: =(if(DM7 = "1", AQ7, AU7)) | DG7: =IF(DM7="1", U7, W7) | DH7: =IF(DM7="1", V7, X7) | DI7: =IF(DM7="1", W7, U7) | DJ7: =IF(DM7="1", X7, V7) | DK7: =(if(DM7 = "1", AT7, AP7)) | DL7: =(if(DM7 = "1", AU7, AQ7)) | DM7: =IF(DR7=B7,"1",IF(DR7=I7, "2", "ERROR")) -> 1 | DN7: =IF(DM7 = "1", Q7, S7) | DO7: =IF(DM7 = "1", R7, T7) | DP7: =IF(DM7 = "1", S7, Q7) | DQ7: =IF(DM7 = "1", T7, R7) | DR7: =IF(COUNTIF(PlayerAltNames,B7)>0, B7, IF(COUNTIF(PlayerAltNames,I7)>0, I7, "NULL ERR PLAY")) | DS7: =IF(COUNTIF($I7,$DR7)>0, J7, C7) | DT7: =IF(COUNTIF($I7,$DR7)>0, K7, D7) | DU7: =IF(COUNTIF($I7,$DR7)>0, L7, E7) | DV7: =IF(COUNTIF($I7,$DR7)>0, M7, F7) | DW7: =IF(COUNTIF($I7,$DR7)>0, N7, G7) | DX7: =IF(COUNTIF($I7,$DR7)>0, O7, H7) | DY7: =IF(COUNTIF(I7,DR7) > 0, B7, I7) | DZ7: =IF(COUNTIF($I7,$DY7), J7, C7) | EA7: =IF(COUNTIF($I7,$DY7), K7, D7) | EB7: =IF(COUNTIF($I7,$DY7), L7, E7) | EC7: =IF(COUNTIF($I7,$DY7), M7, F7) | ED7: =IF(COUNTIF($I7,$DY7), N7, G7) | EE7: =IF(COUNTIF($I7,$DY7), O7, H7) | EF7: =IF('Replay Entries'!C11 <> "", IFS(AND(P7 = 1, COUNTIF(PlayerAltNames, B7)>0), "Win", AND(P7 = 1, COUNTIF(PlayerAltNames, I7)>0), "Loss", AND(P7 = 2, COUNTIF(PlayerAltNames, I7)>0), "Win", AND(P7 = 2, COUNTIF(PlayerAltNames, B7)>0), "Loss"), "") | EH7: =CELL("address", INDEX(AV7:CZ7, MATCH("P1 MOVES START", AV7:CZ7, 0))) -> #N/A | EI7: =CELL("address", INDEX(AV7:CZ7, MATCH("P1 MOVES END", AV7:CZ7, 0))) -> #N/A | EJ7: =CELL("address", INDEX(AV7:CZ7, MATCH("P2 MOVES START", AV7:CZ7, 0))) -> #N/A | EK7: =CELL("address", INDEX(AV7:CZ7, MATCH("P2 MOVES END", AV7:CZ7, 0))) -> #N/A | EL7: =IF(DM7 = "1", CONCATENATE(EH7, ":", EI7), CONCATENATE(EJ7, ":", EK7)) -> #N/A | EM7: =SUBSTITUTE(EL7, "$", "") -> #N/A | EN7: =IF(DM7 = "1", ("" & Z7 & " -> " & AB7), ("" & AA7 & " -> " & AC7)) -> -> | EO7: =IF(DM7 = "1", AA7, Z7)
B8: =IF('Replay Entries'!C12<>"", REPLAYTODATA('Replay Entries'!C12), "") | DC8: =(if(DM8 = "1", AN8, AR8)) | DD8: =(if(DM8 = "1", AO8, AS8)) | DE8: =(if(DM8 = "1", AP8, AT8)) | DF8: =(if(DM8 = "1", AQ8, AU8)) | DG8: =IF(DM8="1", U8, W8) | DH8: =IF(DM8="1", V8, X8) | DI8: =IF(DM8="1", W8, U8) | DJ8: =IF(DM8="1", X8, V8) | DK8: =(if(DM8 = "1", AT8, AP8)) | DL8: =(if(DM8 = "1", AU8, AQ8)) | DM8: =IF(DR8=B8,"1",IF(DR8=I8, "2", "ERROR")) -> 1 | DN8: =IF(DM8 = "1", Q8, S8) | DO8: =IF(DM8 = "1", R8, T8) | DP8: =IF(DM8 = "1", S8, Q8) | DQ8: =IF(DM8 = "1", T8, R8) | DR8: =IF(COUNTIF(PlayerAltNames,B8)>0, B8, IF(COUNTIF(PlayerAltNames,I8)>0, I8, "NULL ERR PLAY")) | DS8: =IF(COUNTIF($I8,$DR8)>0, J8, C8) | DT8: =IF(COUNTIF($I8,$DR8)>0, K8, D8) | DU8: =IF(COUNTIF($I8,$DR8)>0, L8, E8) | DV8: =IF(COUNTIF($I8,$DR8)>0, M8, F8) | DW8: =IF(COUNTIF($I8,$DR8)>0, N8, G8) | DX8: =IF(COUNTIF($I8,$DR8)>0, O8, H8) | DY8: =IF(COUNTIF(I8,DR8) > 0, B8, I8) | DZ8: =IF(COUNTIF($I8,$DY8), J8, C8) | EA8: =IF(COUNTIF($I8,$DY8), K8, D8) | EB8: =IF(COUNTIF($I8,$DY8), L8, E8) | EC8: =IF(COUNTIF($I8,$DY8), M8, F8) | ED8: =IF(COUNTIF($I8,$DY8), N8, G8) | EE8: =IF(COUNTIF($I8,$DY8), O8, H8) | EF8: =IF('Replay Entries'!C12 <> "", IFS(AND(P8 = 1, COUNTIF(PlayerAltNames, B8)>0), "Win", AND(P8 = 1, COUNTIF(PlayerAltNames, I8)>0), "Loss", AND(P8 = 2, COUNTIF(PlayerAltNames, I8)>0), "Win", AND(P8 = 2, COUNTIF(PlayerAltNames, B8)>0), "Loss"), "") | EH8: =CELL("address", INDEX(AV8:CZ8, MATCH("P1 MOVES START", AV8:CZ8, 0))) -> #N/A | EI8: =CELL("address", INDEX(AV8:CZ8, MATCH("P1 MOVES END", AV8:CZ8, 0))) -> #N/A | EJ8: =CELL("address", INDEX(AV8:CZ8, MATCH("P2 MOVES START", AV8:CZ8, 0))) -> #N/A | EK8: =CELL("address", INDEX(AV8:CZ8, MATCH("P2 MOVES END", AV8:CZ8, 0))) -> #N/A | EL8: =IF(DM8 = "1", CONCATENATE(EH8, ":", EI8), CONCATENATE(EJ8, ":", EK8)) -> #N/A | EM8: =SUBSTITUTE(EL8, "$", "") -> #N/A | EN8: =IF(DM8 = "1", ("" & Z8 & " -> " & AB8), ("" & AA8 & " -> " & AC8)) -> -> | EO8: =IF(DM8 = "1", AA8, Z8)
B9: =IF('Replay Entries'!C13<>"", REPLAYTODATA('Replay Entries'!C13), "") | DC9: =(if(DM9 = "1", AN9, AR9)) | DD9: =(if(DM9 = "1", AO9, AS9)) | DE9: =(if(DM9 = "1", AP9, AT9)) | DF9: =(if(DM9 = "1", AQ9, AU9)) | DG9: =IF(DM9="1", U9, W9) | DH9: =IF(DM9="1", V9, X9) | DI9: =IF(DM9="1", W9, U9) | DJ9: =IF(DM9="1", X9, V9) | DK9: =(if(DM9 = "1", AT9, AP9)) | DL9: =(if(DM9 = "1", AU9, AQ9)) | DM9: =IF(DR9=B9,"1",IF(DR9=I9, "2", "ERROR")) -> 1 | DN9: =IF(DM9 = "1", Q9, S9) | DO9: =IF(DM9 = "1", R9, T9) | DP9: =IF(DM9 = "1", S9, Q9) | DQ9: =IF(DM9 = "1", T9, R9) | DR9: =IF(COUNTIF(PlayerAltNames,B9)>0, B9, IF(COUNTIF(PlayerAltNames,I9)>0, I9, "NULL ERR PLAY")) | DS9: =IF(COUNTIF($I9,$DR9)>0, J9, C9) | DT9: =IF(COUNTIF($I9,$DR9)>0, K9, D9) | DU9: =IF(COUNTIF($I9,$DR9)>0, L9, E9) | DV9: =IF(COUNTIF($I9,$DR9)>0, M9, F9) | DW9: =IF(COUNTIF($I9,$DR9)>0, N9, G9) | DX9: =IF(COUNTIF($I9,$DR9)>0, O9, H9) | DY9: =IF(COUNTIF(I9,DR9) > 0, B9, I9) | DZ9: =IF(COUNTIF($I9,$DY9), J9, C9) | EA9: =IF(COUNTIF($I9,$DY9), K9, D9) | EB9: =IF(COUNTIF($I9,$DY9), L9, E9) | EC9: =IF(COUNTIF($I9,$DY9), M9, F9) | ED9: =IF(COUNTIF($I9,$DY9), N9, G9) | EE9: =IF(COUNTIF($I9,$DY9), O9, H9) | EF9: =IF('Replay Entries'!C13 <> "", IFS(AND(P9 = 1, COUNTIF(PlayerAltNames, B9)>0), "Win", AND(P9 = 1, COUNTIF(PlayerAltNames, I9)>0), "Loss", AND(P9 = 2, COUNTIF(PlayerAltNames, I9)>0), "Win", AND(P9 = 2, COUNTIF(PlayerAltNames, B9)>0), "Loss"), "") | EH9: =CELL("address", INDEX(AV9:CZ9, MATCH("P1 MOVES START", AV9:CZ9, 0))) -> #N/A | EI9: =CELL("address", INDEX(AV9:CZ9, MATCH("P1 MOVES END", AV9:CZ9, 0))) -> #N/A | EJ9: =CELL("address", INDEX(AV9:CZ9, MATCH("P2 MOVES START", AV9:CZ9, 0))) -> #N/A | EK9: =CELL("address", INDEX(AV9:CZ9, MATCH("P2 MOVES END", AV9:CZ9, 0))) -> #N/A | EL9: =IF(DM9 = "1", CONCATENATE(EH9, ":", EI9), CONCATENATE(EJ9, ":", EK9)) -> #N/A | EM9: =SUBSTITUTE(EL9, "$", "") -> #N/A | EN9: =IF(DM9 = "1", ("" & Z9 & " -> " & AB9), ("" & AA9 & " -> " & AC9)) -> -> | EO9: =IF(DM9 = "1", AA9, Z9)
B10: =IF('Replay Entries'!C14<>"", REPLAYTODATA('Replay Entries'!C14), "") | DC10: =(if(DM10 = "1", AN10, AR10)) | DD10: =(if(DM10 = "1", AO10, AS10)) | DE10: =(if(DM10 = "1", AP10, AT10)) | DF10: =(if(DM10 = "1", AQ10, AU10)) | DG10: =IF(DM10="1", U10, W10) | DH10: =IF(DM10="1", V10, X10) | DI10: =IF(DM10="1", W10, U10) | DJ10: =IF(DM10="1", X10, V10) | DK10: =(if(DM10 = "1", AT10, AP10)) | DL10: =(if(DM10 = "1", AU10, AQ10)) | DM10: =IF(DR10=B10,"1",IF(DR10=I10, "2", "ERROR")) -> 1 | DN10: =IF(DM10 = "1", Q10, S10) | DO10: =IF(DM10 = "1", R10, T10) | DP10: =IF(DM10 = "1", S10, Q10) | DQ10: =IF(DM10 = "1", T10, R10) | DR10: =IF(COUNTIF(PlayerAltNames,B10)>0, B10, IF(COUNTIF(PlayerAltNames,I10)>0, I10, "NULL ERR PLAY")) | DS10: =IF(COUNTIF($I10,$DR10)>0, J10, C10) | DT10: =IF(COUNTIF($I10,$DR10)>0, K10, D10) | DU10: =IF(COUNTIF($I10,$DR10)>0, L10, E10) | DV10: =IF(COUNTIF($I10,$DR10)>0, M10, F10) | DW10: =IF(COUNTIF($I10,$DR10)>0, N10, G10) | DX10: =IF(COUNTIF($I10,$DR10)>0, O10, H10) | DY10: =IF(COUNTIF(I10,DR10) > 0, B10, I10) | DZ10: =IF(COUNTIF($I10,$DY10), J10, C10) | EA10: =IF(COUNTIF($I10,$DY10), K10, D10) | EB10: =IF(COUNTIF($I10,$DY10), L10, E10) | EC10: =IF(COUNTIF($I10,$DY10), M10, F10) | ED10: =IF(COUNTIF($I10,$DY10), N10, G10) | EE10: =IF(COUNTIF($I10,$DY10), O10, H10) | EF10: =IF('Replay Entries'!C14 <> "", IFS(AND(P10 = 1, COUNTIF(PlayerAltNames, B10)>0), "Win", AND(P10 = 1, COUNTIF(PlayerAltNames, I10)>0), "Loss", AND(P10 = 2, COUNTIF(PlayerAltNames, I10)>0), "Win", AND(P10 = 2, COUNTIF(PlayerAltNames, B10)>0), "Loss"), "") | EH10: =CELL("address", INDEX(AV10:CZ10, MATCH("P1 MOVES START", AV10:CZ10, 0))) -> #N/A | EI10: =CELL("address", INDEX(AV10:CZ10, MATCH("P1 MOVES END", AV10:CZ10, 0))) -> #N/A | EJ10: =CELL("address", INDEX(AV10:CZ10, MATCH("P2 MOVES START", AV10:CZ10, 0))) -> #N/A | EK10: =CELL("address", INDEX(AV10:CZ10, MATCH("P2 MOVES END", AV10:CZ10, 0))) -> #N/A | EL10: =IF(DM10 = "1", CONCATENATE(EH10, ":", EI10), CONCATENATE(EJ10, ":", EK10)) -> #N/A | EM10: =SUBSTITUTE(EL10, "$", "") -> #N/A | EN10: =IF(DM10 = "1", ("" & Z10 & " -> " & AB10), ("" & AA10 & " -> " & AC10)) -> -> | EO10: =IF(DM10 = "1", AA10, Z10)
B11: =IF('Replay Entries'!C15<>"", REPLAYTODATA('Replay Entries'!C15), "") | DC11: =(if(DM11 = "1", AN11, AR11)) | DD11: =(if(DM11 = "1", AO11, AS11)) | DE11: =(if(DM11 = "1", AP11, AT11)) | DF11: =(if(DM11 = "1", AQ11, AU11)) | DG11: =IF(DM11="1", U11, W11) | DH11: =IF(DM11="1", V11, X11) | DI11: =IF(DM11="1", W11, U11) | DJ11: =IF(DM11="1", X11, V11) | DK11: =(if(DM11 = "1", AT11, AP11)) | DL11: =(if(DM11 = "1", AU11, AQ11)) | DM11: =IF(DR11=B11,"1",IF(DR11=I11, "2", "ERROR")) -> 1 | DN11: =IF(DM11 = "1", Q11, S11) | DO11: =IF(DM11 = "1", R11, T11) | DP11: =IF(DM11 = "1", S11, Q11) | DQ11: =IF(DM11 = "1", T11, R11) | DR11: =IF(COUNTIF(PlayerAltNames,B11)>0, B11, IF(COUNTIF(PlayerAltNames,I11)>0, I11, "NULL ERR PLAY")) | DS11: =IF(COUNTIF($I11,$DR11)>0, J11, C11) | DT11: =IF(COUNTIF($I11,$DR11)>0, K11, D11) | DU11: =IF(COUNTIF($I11,$DR11)>0, L11, E11) | DV11: =IF(COUNTIF($I11,$DR11)>0, M11, F11) | DW11: =IF(COUNTIF($I11,$DR11)>0, N11, G11) | DX11: =IF(COUNTIF($I11,$DR11)>0, O11, H11) | DY11: =IF(COUNTIF(I11,DR11) > 0, B11, I11) | DZ11: =IF(COUNTIF($I11,$DY11), J11, C11) | EA11: =IF(COUNTIF($I11,$DY11), K11, D11) | EB11: =IF(COUNTIF($I11,$DY11), L11, E11) | EC11: =IF(COUNTIF($I11,$DY11), M11, F11) | ED11: =IF(COUNTIF($I11,$DY11), N11, G11) | EE11: =IF(COUNTIF($I11,$DY11), O11, H11) | EF11: =IF('Replay Entries'!C15 <> "", IFS(AND(P11 = 1, COUNTIF(PlayerAltNames, B11)>0), "Win", AND(P11 = 1, COUNTIF(PlayerAltNames, I11)>0), "Loss", AND(P11 = 2, COUNTIF(PlayerAltNames, I11)>0), "Win", AND(P11 = 2, COUNTIF(PlayerAltNames, B11)>0), "Loss"), "") | EH11: =CELL("address", INDEX(AV11:CZ11, MATCH("P1 MOVES START", AV11:CZ11, 0))) -> #N/A | EI11: =CELL("address", INDEX(AV11:CZ11, MATCH("P1 MOVES END", AV11:CZ11, 0))) -> #N/A | EJ11: =CELL("address", INDEX(AV11:CZ11, MATCH("P2 MOVES START", AV11:CZ11, 0))) -> #N/A | EK11: =CELL("address", INDEX(AV11:CZ11, MATCH("P2 MOVES END", AV11:CZ11, 0))) -> #N/A | EL11: =IF(DM11 = "1", CONCATENATE(EH11, ":", EI11), CONCATENATE(EJ11, ":", EK11)) -> #N/A | EM11: =SUBSTITUTE(EL11, "$", "") -> #N/A | EN11: =IF(DM11 = "1", ("" & Z11 & " -> " & AB11), ("" & AA11 & " -> " & AC11)) -> -> | EO11: =IF(DM11 = "1", AA11, Z11)
B12: =IF('Replay Entries'!C16<>"", REPLAYTODATA('Replay Entries'!C16), "") | DC12: =(if(DM12 = "1", AN12, AR12)) | DD12: =(if(DM12 = "1", AO12, AS12)) | DE12: =(if(DM12 = "1", AP12, AT12)) | DF12: =(if(DM12 = "1", AQ12, AU12)) | DG12: =IF(DM12="1", U12, W12) | DH12: =IF(DM12="1", V12, X12) | DI12: =IF(DM12="1", W12, U12) | DJ12: =IF(DM12="1", X12, V12) | DK12: =(if(DM12 = "1", AT12, AP12)) | DL12: =(if(DM12 = "1", AU12, AQ12)) | DM12: =IF(DR12=B12,"1",IF(DR12=I12, "2", "ERROR")) -> 1 | DN12: =IF(DM12 = "1", Q12, S12) | DO12: =IF(DM12 = "1", R12, T12) | DP12: =IF(DM12 = "1", S12, Q12) | DQ12: =IF(DM12 = "1", T12, R12) | DR12: =IF(COUNTIF(PlayerAltNames,B12)>0, B12, IF(COUNTIF(PlayerAltNames,I12)>0, I12, "NULL ERR PLAY")) | DS12: =IF(COUNTIF($I12,$DR12)>0, J12, C12) | DT12: =IF(COUNTIF($I12,$DR12)>0, K12, D12) | DU12: =IF(COUNTIF($I12,$DR12)>0, L12, E12) | DV12: =IF(COUNTIF($I12,$DR12)>0, M12, F12) | DW12: =IF(COUNTIF($I12,$DR12)>0, N12, G12) | DX12: =IF(COUNTIF($I12,$DR12)>0, O12, H12) | DY12: =IF(COUNTIF(I12,DR12) > 0, B12, I12) | DZ12: =IF(COUNTIF($I12,$DY12), J12, C12) | EA12: =IF(COUNTIF($I12,$DY12), K12, D12) | EB12: =IF(COUNTIF($I12,$DY12), L12, E12) | EC12: =IF(COUNTIF($I12,$DY12), M12, F12) | ED12: =IF(COUNTIF($I12,$DY12), N12, G12) | EE12: =IF(COUNTIF($I12,$DY12), O12, H12) | EF12: =IF('Replay Entries'!C16 <> "", IFS(AND(P12 = 1, COUNTIF(PlayerAltNames, B12)>0), "Win", AND(P12 = 1, COUNTIF(PlayerAltNames, I12)>0), "Loss", AND(P12 = 2, COUNTIF(PlayerAltNames, I12)>0), "Win", AND(P12 = 2, COUNTIF(PlayerAltNames, B12)>0), "Loss"), "") | EH12: =CELL("address", INDEX(AV12:CZ12, MATCH("P1 MOVES START", AV12:CZ12, 0))) -> #N/A | EI12: =CELL("address", INDEX(AV12:CZ12, MATCH("P1 MOVES END", AV12:CZ12, 0))) -> #N/A | EJ12: =CELL("address", INDEX(AV12:CZ12, MATCH("P2 MOVES START", AV12:CZ12, 0))) -> #N/A | EK12: =CELL("address", INDEX(AV12:CZ12, MATCH("P2 MOVES END", AV12:CZ12, 0))) -> #N/A | EL12: =IF(DM12 = "1", CONCATENATE(EH12, ":", EI12), CONCATENATE(EJ12, ":", EK12)) -> #N/A | EM12: =SUBSTITUTE(EL12, "$", "") -> #N/A | EN12: =IF(DM12 = "1", ("" & Z12 & " -> " & AB12), ("" & AA12 & " -> " & AC12)) -> -> | EO12: =IF(DM12 = "1", AA12, Z12)
B13: =IF('Replay Entries'!C17<>"", REPLAYTODATA('Replay Entries'!C17), "") | DC13: =(if(DM13 = "1", AN13, AR13)) | DD13: =(if(DM13 = "1", AO13, AS13)) | DE13: =(if(DM13 = "1", AP13, AT13)) | DF13: =(if(DM13 = "1", AQ13, AU13)) | DG13: =IF(DM13="1", U13, W13) | DH13: =IF(DM13="1", V13, X13) | DI13: =IF(DM13="1", W13, U13) | DJ13: =IF(DM13="1", X13, V13) | DK13: =(if(DM13 = "1", AT13, AP13)) | DL13: =(if(DM13 = "1", AU13, AQ13)) | DM13: =IF(DR13=B13,"1",IF(DR13=I13, "2", "ERROR")) -> 1 | DN13: =IF(DM13 = "1", Q13, S13) | DO13: =IF(DM13 = "1", R13, T13) | DP13: =IF(DM13 = "1", S13, Q13) | DQ13: =IF(DM13 = "1", T13, R13) | DR13: =IF(COUNTIF(PlayerAltNames,B13)>0, B13, IF(COUNTIF(PlayerAltNames,I13)>0, I13, "NULL ERR PLAY")) | DS13: =IF(COUNTIF($I13,$DR13)>0, J13, C13) | DT13: =IF(COUNTIF($I13,$DR13)>0, K13, D13) | DU13: =IF(COUNTIF($I13,$DR13)>0, L13, E13) | DV13: =IF(COUNTIF($I13,$DR13)>0, M13, F13) | DW13: =IF(COUNTIF($I13,$DR13)>0, N13, G13) | DX13: =IF(COUNTIF($I13,$DR13)>0, O13, H13) | DY13: =IF(COUNTIF(I13,DR13) > 0, B13, I13) | DZ13: =IF(COUNTIF($I13,$DY13), J13, C13) | EA13: =IF(COUNTIF($I13,$DY13), K13, D13) | EB13: =IF(COUNTIF($I13,$DY13), L13, E13) | EC13: =IF(COUNTIF($I13,$DY13), M13, F13) | ED13: =IF(COUNTIF($I13,$DY13), N13, G13) | EE13: =IF(COUNTIF($I13,$DY13), O13, H13) | EF13: =IF('Replay Entries'!C17 <> "", IFS(AND(P13 = 1, COUNTIF(PlayerAltNames, B13)>0), "Win", AND(P13 = 1, COUNTIF(PlayerAltNames, I13)>0), "Loss", AND(P13 = 2, COUNTIF(PlayerAltNames, I13)>0), "Win", AND(P13 = 2, COUNTIF(PlayerAltNames, B13)>0), "Loss"), "") | EH13: =CELL("address", INDEX(AV13:CZ13, MATCH("P1 MOVES START", AV13:CZ13, 0))) -> #N/A | EI13: =CELL("address", INDEX(AV13:CZ13, MATCH("P1 MOVES END", AV13:CZ13, 0))) -> #N/A | EJ13: =CELL("address", INDEX(AV13:CZ13, MATCH("P2 MOVES START", AV13:CZ13, 0))) -> #N/A | EK13: =CELL("address", INDEX(AV13:CZ13, MATCH("P2 MOVES END", AV13:CZ13, 0))) -> #N/A | EL13: =IF(DM13 = "1", CONCATENATE(EH13, ":", EI13), CONCATENATE(EJ13, ":", EK13)) -> #N/A | EM13: =SUBSTITUTE(EL13, "$", "") -> #N/A | EN13: =IF(DM13 = "1", ("" & Z13 & " -> " & AB13), ("" & AA13 & " -> " & AC13)) -> -> | EO13: =IF(DM13 = "1", AA13, Z13)
B14: =IF('Replay Entries'!C18<>"", REPLAYTODATA('Replay Entries'!C18), "") | DC14: =(if(DM14 = "1", AN14, AR14)) | DD14: =(if(DM14 = "1", AO14, AS14)) | DE14: =(if(DM14 = "1", AP14, AT14)) | DF14: =(if(DM14 = "1", AQ14, AU14)) | DG14: =IF(DM14="1", U14, W14) | DH14: =IF(DM14="1", V14, X14) | DI14: =IF(DM14="1", W14, U14) | DJ14: =IF(DM14="1", X14, V14) | DK14: =(if(DM14 = "1", AT14, AP14)) | DL14: =(if(DM14 = "1", AU14, AQ14)) | DM14: =IF(DR14=B14,"1",IF(DR14=I14, "2", "ERROR")) -> 1 | DN14: =IF(DM14 = "1", Q14, S14) | DO14: =IF(DM14 = "1", R14, T14) | DP14: =IF(DM14 = "1", S14, Q14) | DQ14: =IF(DM14 = "1", T14, R14) | DR14: =IF(COUNTIF(PlayerAltNames,B14)>0, B14, IF(COUNTIF(PlayerAltNames,I14)>0, I14, "NULL ERR PLAY")) | DS14: =IF(COUNTIF($I14,$DR14)>0, J14, C14) | DT14: =IF(COUNTIF($I14,$DR14)>0, K14, D14) | DU14: =IF(COUNTIF($I14,$DR14)>0, L14, E14) | DV14: =IF(COUNTIF($I14,$DR14)>0, M14, F14) | DW14: =IF(COUNTIF($I14,$DR14)>0, N14, G14) | DX14: =IF(COUNTIF($I14,$DR14)>0, O14, H14) | DY14: =IF(COUNTIF(I14,DR14) > 0, B14, I14) | DZ14: =IF(COUNTIF($I14,$DY14), J14, C14) | EA14: =IF(COUNTIF($I14,$DY14), K14, D14) | EB14: =IF(COUNTIF($I14,$DY14), L14, E14) | EC14: =IF(COUNTIF($I14,$DY14), M14, F14) | ED14: =IF(COUNTIF($I14,$DY14), N14, G14) | EE14: =IF(COUNTIF($I14,$DY14), O14, H14) | EF14: =IF('Replay Entries'!C18 <> "", IFS(AND(P14 = 1, COUNTIF(PlayerAltNames, B14)>0), "Win", AND(P14 = 1, COUNTIF(PlayerAltNames, I14)>0), "Loss", AND(P14 = 2, COUNTIF(PlayerAltNames, I14)>0), "Win", AND(P14 = 2, COUNTIF(PlayerAltNames, B14)>0), "Loss"), "") | EH14: =CELL("address", INDEX(AV14:CZ14, MATCH("P1 MOVES START", AV14:CZ14, 0))) -> #N/A | EI14: =CELL("address", INDEX(AV14:CZ14, MATCH("P1 MOVES END", AV14:CZ14, 0))) -> #N/A | EJ14: =CELL("address", INDEX(AV14:CZ14, MATCH("P2 MOVES START", AV14:CZ14, 0))) -> #N/A | EK14: =CELL("address", INDEX(AV14:CZ14, MATCH("P2 MOVES END", AV14:CZ14, 0))) -> #N/A | EL14: =IF(DM14 = "1", CONCATENATE(EH14, ":", EI14), CONCATENATE(EJ14, ":", EK14)) -> #N/A | EM14: =SUBSTITUTE(EL14, "$", "") -> #N/A | EN14: =IF(DM14 = "1", ("" & Z14 & " -> " & AB14), ("" & AA14 & " -> " & AC14)) -> -> | EO14: =IF(DM14 = "1", AA14, Z14)
... B502: =IF('Replay Entries'!C506<>"", REPLAYTODATA('Replay Entries'!C506), "") | DC502: =(if(DM502 = "1", AN502, AR502)) | DD502: =(if(DM502 = "1", AO502, AS502)) | DE502: =(if(DM502 = "1", AP502, AT502)) | DF502: =(if(DM502 = "1", AQ502, AU502)) | DG502: =IF(DM502="1", U502, W502) | DH502: =IF(DM502="1", V502, X502) | DI502: =IF(DM502="1", W502, U502) | DJ502: =IF(DM502="1", X502, V502) | DK502: =(if(DM502 = "1", AT502, AP502)) | DL502: =(if(DM502 = "1", AU502, AQ502)) | DM502: =IF(DR502=B502,"1",IF(DR502=I502, "2", "ERROR")) -> 1 | DN502: =IF(DM502 = "1", Q502, S502) | DO502: =IF(DM502 = "1", R502, T502) | DP502: =IF(DM502 = "1", S502, Q502) | DQ502: =IF(DM502 = "1", T502, R502) | DR502: =IF(COUNTIF(PlayerAltNames,B502)>0, B502, IF(COUNTIF(PlayerAltNames,I502)>0, I502, "NULL ERR PLAY")) | DS502: =IF(COUNTIF($I502,$DR502)>0, J502, C502) | DT502: =IF(COUNTIF($I502,$DR502)>0, K502, D502) | DU502: =IF(COUNTIF($I502,$DR502)>0, L502, E502) | DV502: =IF(COUNTIF($I502,$DR502)>0, M502, F502) | DW502: =IF(COUNTIF($I502,$DR502)>0, N502, G502) | DX502: =IF(COUNTIF($I502,$DR502)>0, O502, H502) | DY502: =IF(COUNTIF(I502,DR502) > 0, B502, I502) | DZ502: =IF(COUNTIF($I502,$DY502), J502, C502) | EA502: =IF(COUNTIF($I502,$DY502), K502, D502) | EB502: =IF(COUNTIF($I502,$DY502), L502, E502) | EC502: =IF(COUNTIF($I502,$DY502), M502, F502) | ED502: =IF(COUNTIF($I502,$DY502), N502, G502) | EE502: =IF(COUNTIF($I502,$DY502), O502, H502) | EF502: =IF('Replay Entries'!C506 <> "", IFS(AND(P502 = 1, COUNTIF(PlayerAltNames, B502)>0), "Win", AND(P502 = 1, COUNTIF(PlayerAltNames, I502)>0), "Loss", AND(P502 = 2, COUNTIF(PlayerAltNames, I502)>0), "Win", AND(P502 = 2, COUNTIF(PlayerAltNames, B502)>0), "Loss"), "") | EH502: =CELL("address", INDEX(AV502:CZ502, MATCH("P1 MOVES START", AV502:CZ502, 0))) -> #N/A | EI502: =CELL("address", INDEX(AV502:CZ502, MATCH("P1 MOVES END", AV502:CZ502, 0))) -> #N/A | EJ502: =CELL("address", INDEX(AV502:CZ502, MATCH("P2 MOVES START", AV502:CZ502, 0))) -> #N/A | EK502: =CELL("address", INDEX(AV502:CZ502, MATCH("P2 MOVES END", AV502:CZ502, 0))) -> #N/A | EL502: =IF(DM502 = "1", CONCATENATE(EH502, ":", EI502), CONCATENATE(EJ502, ":", EK502)) -> #N/A | EM502: =SUBSTITUTE(EL502, "$", "") -> #N/A | EN502: =IF(DM502 = "1", ("" & Z502 & " -> " & AB502), ("" & AA502 & " -> " & AC502)) -> -> | EO502: =IF(DM502 = "1", AA502, Z502)

Sheet Base Bo3 Data
A1: SET ID | B1: PLAYER | C1: Opponent | D1: Game # | E1: Result | F1: Last Game? | G1: Player Six | M1: Opponent Six | S1: Player Leads | U1: Player Back | W1: Opponent Leads | Y1: Opponent Back | AA1: Player Tera | AC1: Opp Tera | AE1: Player Rating | AF1: Opp Rating | AG1: Replay Link
A2: 1 | B2: =IFERROR(__xludf.DUMMYFUNCTION("QUERY(ARRAYFORMULA(TO_TEXT(BaseDataTable)) ,""SELECT Col122, Col129, Col31, Col136, Col32, Col123, Col124, Col125, Col126, Col127, Col128, Col130, Col131, Col132, Col133, Col134, Col135, Col111, Col112, Col109, Col110, Col113, Col114, Col115, Col116, Col"&"118, Col119, Col120, Col121, Col144, Col145, Col39 WHERE Col30 = 'true'"")"),"#N/A") -> #N/A
A3: =IF(F2 = "no", A2, (A2+1)) -> 2
A4: =IF(F3 = "no", A3, (A3+1)) -> 3
A5: =IF(F4 = "no", A4, (A4+1)) -> 4
A6: =IF(F5 = "no", A5, (A5+1)) -> 5
A7: =IF(F6 = "no", A6, (A6+1)) -> 6
A8: =IF(F7 = "no", A7, (A7+1)) -> 7
A9: =IF(F8 = "no", A8, (A8+1)) -> 8
A10: =IF(F9 = "no", A9, (A9+1)) -> 9
A11: =IF(F10 = "no", A10, (A10+1)) -> 10
A12: =IF(F11 = "no", A11, (A11+1)) -> 11
A13: =IF(F12 = "no", A12, (A12+1)) -> 12
A14: =IF(F13 = "no", A13, (A13+1)) -> 13
... A501: =IF(F500 = "no", A500, (A500+1)) -> 500

Sheet MBM Data
A1: SET ID | B1: Opponent | C1: Opp 1 | D1: Opp 2 | E1: Opp 3 | F1: Opp 4 | G1: Opp 5 | H1: Opp 6 | I1: Result | J1: Result String | K1: Replay Link 1 | L1: Replay Link 2 | M1: Replay Link 3
A2: 1 | B2: =IFERROR(__xludf.DUMMYFUNCTION("IFERROR(QUERY(Bo3data, ""SELECT C, M, N, O, P, Q, R, E WHERE A="" &A2& "" AND F = 'yes'"", 0), """")"),"") | J2: =IFERROR(__xludf.DUMMYFUNCTION("IFERROR(LEFT(QUERY(Bo3data, ""SELECT E WHERE A="" &A2& "" AND D = '1'"", 0),1) & IFERROR("" "" & LEFT(QUERY(Bo3data, ""SELECT E WHERE A="" &A2& "" AND D = '2'"", 0),1), """") & IFERROR("" "" & LEFT(QUERY(Bo3data, ""SELECT E WHERE A="" &A2& "" AND D = '3'"&""", 0),1), """"), """")"),"") | K2: =IFERROR(__xludf.DUMMYFUNCTION("IFERROR(QUERY(Bo3data, ""SELECT AG WHERE A="" &A2& "" AND D = '1'"", 0), ""n/a"")"),"n/a") -> n/a | L2: =IFERROR(__xludf.DUMMYFUNCTION("IFERROR(QUERY(Bo3data, ""SELECT AG WHERE A="" &A2& "" AND D = '2'"", 0), ""n/a"")"),"n/a") -> n/a | M2: =IFERROR(__xludf.DUMMYFUNCTION("IFERROR(QUERY(Bo3data, ""SELECT AG WHERE A="" &A2& "" AND D = '3'"", 0), ""n/a"")"),"n/a") -> n/a
A3: 2 | B3: =IFERROR(__xludf.DUMMYFUNCTION("IFERROR(QUERY(Bo3data, ""SELECT C, M, N, O, P, Q, R, E WHERE A="" &A3& "" AND F = 'yes'"", 0), """")"),"") | J3: =IFERROR(__xludf.DUMMYFUNCTION("IFERROR(LEFT(QUERY(Bo3data, ""SELECT E WHERE A="" &A3& "" AND D = '1'"", 0),1) & IFERROR("" "" & LEFT(QUERY(Bo3data, ""SELECT E WHERE A="" &A3& "" AND D = '2'"", 0),1), """") & IFERROR("" "" & LEFT(QUERY(Bo3data, ""SELECT E WHERE A="" &A3& "" AND D = '3'"&""", 0),1), """"), """")"),"") | K3: =IFERROR(__xludf.DUMMYFUNCTION("IFERROR(QUERY(Bo3data, ""SELECT AG WHERE A="" &A3& "" AND D = '1'"", 0), ""n/a"")"),"n/a") -> n/a | L3: =IFERROR(__xludf.DUMMYFUNCTION("IFERROR(QUERY(Bo3data, ""SELECT AG WHERE A="" &A3& "" AND D = '2'"", 0), ""n/a"")"),"n/a") -> n/a | M3: =IFERROR(__xludf.DUMMYFUNCTION("IFERROR(QUERY(Bo3data, ""SELECT AG WHERE A="" &A3& "" AND D = '3'"", 0), ""n/a"")"),"n/a") -> n/a
A4: 3 | B4: =IFERROR(__xludf.DUMMYFUNCTION("IFERROR(QUERY(Bo3data, ""SELECT C, M, N, O, P, Q, R, E WHERE A="" &A4& "" AND F = 'yes'"", 0), """")"),"") | J4: =IFERROR(__xludf.DUMMYFUNCTION("IFERROR(LEFT(QUERY(Bo3data, ""SELECT E WHERE A="" &A4& "" AND D = '1'"", 0),1) & IFERROR("" "" & LEFT(QUERY(Bo3data, ""SELECT E WHERE A="" &A4& "" AND D = '2'"", 0),1), """") & IFERROR("" "" & LEFT(QUERY(Bo3data, ""SELECT E WHERE A="" &A4& "" AND D = '3'"&""", 0),1), """"), """")"),"") | K4: =IFERROR(__xludf.DUMMYFUNCTION("IFERROR(QUERY(Bo3data, ""SELECT AG WHERE A="" &A4& "" AND D = '1'"", 0), ""n/a"")"),"n/a") -> n/a | L4: =IFERROR(__xludf.DUMMYFUNCTION("IFERROR(QUERY(Bo3data, ""SELECT AG WHERE A="" &A4& "" AND D = '2'"", 0), ""n/a"")"),"n/a") -> n/a | M4: =IFERROR(__xludf.DUMMYFUNCTION("IFERROR(QUERY(Bo3data, ""SELECT AG WHERE A="" &A4& "" AND D = '3'"", 0), ""n/a"")"),"n/a") -> n/a
A5: 4 | B5: =IFERROR(__xludf.DUMMYFUNCTION("IFERROR(QUERY(Bo3data, ""SELECT C, M, N, O, P, Q, R, E WHERE A="" &A5& "" AND F = 'yes'"", 0), """")"),"") | J5: =IFERROR(__xludf.DUMMYFUNCTION("IFERROR(LEFT(QUERY(Bo3data, ""SELECT E WHERE A="" &A5& "" AND D = '1'"", 0),1) & IFERROR("" "" & LEFT(QUERY(Bo3data, ""SELECT E WHERE A="" &A5& "" AND D = '2'"", 0),1), """") & IFERROR("" "" & LEFT(QUERY(Bo3data, ""SELECT E WHERE A="" &A5& "" AND D = '3'"&""", 0),1), """"), """")"),"") | K5: =IFERROR(__xludf.DUMMYFUNCTION("IFERROR(QUERY(Bo3data, ""SELECT AG WHERE A="" &A5& "" AND D = '1'"", 0), ""n/a"")"),"n/a") -> n/a | L5: =IFERROR(__xludf.DUMMYFUNCTION("IFERROR(QUERY(Bo3data, ""SELECT AG WHERE A="" &A5& "" AND D = '2'"", 0), ""n/a"")"),"n/a") -> n/a | M5: =IFERROR(__xludf.DUMMYFUNCTION("IFERROR(QUERY(Bo3data, ""SELECT AG WHERE A="" &A5& "" AND D = '3'"", 0), ""n/a"")"),"n/a") -> n/a
A6: 5 | B6: =IFERROR(__xludf.DUMMYFUNCTION("IFERROR(QUERY(Bo3data, ""SELECT C, M, N, O, P, Q, R, E WHERE A="" &A6& "" AND F = 'yes'"", 0), """")"),"") | J6: =IFERROR(__xludf.DUMMYFUNCTION("IFERROR(LEFT(QUERY(Bo3data, ""SELECT E WHERE A="" &A6& "" AND D = '1'"", 0),1) & IFERROR("" "" & LEFT(QUERY(Bo3data, ""SELECT E WHERE A="" &A6& "" AND D = '2'"", 0),1), """") & IFERROR("" "" & LEFT(QUERY(Bo3data, ""SELECT E WHERE A="" &A6& "" AND D = '3'"&""", 0),1), """"), """")"),"") | K6: =IFERROR(__xludf.DUMMYFUNCTION("IFERROR(QUERY(Bo3data, ""SELECT AG WHERE A="" &A6& "" AND D = '1'"", 0), ""n/a"")"),"n/a") -> n/a | L6: =IFERROR(__xludf.DUMMYFUNCTION("IFERROR(QUERY(Bo3data, ""SELECT AG WHERE A="" &A6& "" AND D = '2'"", 0), ""n/a"")"),"n/a") -> n/a | M6: =IFERROR(__xludf.DUMMYFUNCTION("IFERROR(QUERY(Bo3data, ""SELECT AG WHERE A="" &A6& "" AND D = '3'"", 0), ""n/a"")"),"n/a") -> n/a
A7: 6 | B7: =IFERROR(__xludf.DUMMYFUNCTION("IFERROR(QUERY(Bo3data, ""SELECT C, M, N, O, P, Q, R, E WHERE A="" &A7& "" AND F = 'yes'"", 0), """")"),"") | J7: =IFERROR(__xludf.DUMMYFUNCTION("IFERROR(LEFT(QUERY(Bo3data, ""SELECT E WHERE A="" &A7& "" AND D = '1'"", 0),1) & IFERROR("" "" & LEFT(QUERY(Bo3data, ""SELECT E WHERE A="" &A7& "" AND D = '2'"", 0),1), """") & IFERROR("" "" & LEFT(QUERY(Bo3data, ""SELECT E WHERE A="" &A7& "" AND D = '3'"&""", 0),1), """"), """")"),"") | K7: =IFERROR(__xludf.DUMMYFUNCTION("IFERROR(QUERY(Bo3data, ""SELECT AG WHERE A="" &A7& "" AND D = '1'"", 0), ""n/a"")"),"n/a") -> n/a | L7: =IFERROR(__xludf.DUMMYFUNCTION("IFERROR(QUERY(Bo3data, ""SELECT AG WHERE A="" &A7& "" AND D = '2'"", 0), ""n/a"")"),"n/a") -> n/a | M7: =IFERROR(__xludf.DUMMYFUNCTION("IFERROR(QUERY(Bo3data, ""SELECT AG WHERE A="" &A7& "" AND D = '3'"", 0), ""n/a"")"),"n/a") -> n/a
A8: 7 | B8: =IFERROR(__xludf.DUMMYFUNCTION("IFERROR(QUERY(Bo3data, ""SELECT C, M, N, O, P, Q, R, E WHERE A="" &A8& "" AND F = 'yes'"", 0), """")"),"") | J8: =IFERROR(__xludf.DUMMYFUNCTION("IFERROR(LEFT(QUERY(Bo3data, ""SELECT E WHERE A="" &A8& "" AND D = '1'"", 0),1) & IFERROR("" "" & LEFT(QUERY(Bo3data, ""SELECT E WHERE A="" &A8& "" AND D = '2'"", 0),1), """") & IFERROR("" "" & LEFT(QUERY(Bo3data, ""SELECT E WHERE A="" &A8& "" AND D = '3'"&""", 0),1), """"), """")"),"") | K8: =IFERROR(__xludf.DUMMYFUNCTION("IFERROR(QUERY(Bo3data, ""SELECT AG WHERE A="" &A8& "" AND D = '1'"", 0), ""n/a"")"),"n/a") -> n/a | L8: =IFERROR(__xludf.DUMMYFUNCTION("IFERROR(QUERY(Bo3data, ""SELECT AG WHERE A="" &A8& "" AND D = '2'"", 0), ""n/a"")"),"n/a") -> n/a | M8: =IFERROR(__xludf.DUMMYFUNCTION("IFERROR(QUERY(Bo3data, ""SELECT AG WHERE A="" &A8& "" AND D = '3'"", 0), ""n/a"")"),"n/a") -> n/a
A9: 8 | B9: =IFERROR(__xludf.DUMMYFUNCTION("IFERROR(QUERY(Bo3data, ""SELECT C, M, N, O, P, Q, R, E WHERE A="" &A9& "" AND F = 'yes'"", 0), """")"),"") | J9: =IFERROR(__xludf.DUMMYFUNCTION("IFERROR(LEFT(QUERY(Bo3data, ""SELECT E WHERE A="" &A9& "" AND D = '1'"", 0),1) & IFERROR("" "" & LEFT(QUERY(Bo3data, ""SELECT E WHERE A="" &A9& "" AND D = '2'"", 0),1), """") & IFERROR("" "" & LEFT(QUERY(Bo3data, ""SELECT E WHERE A="" &A9& "" AND D = '3'"&""", 0),1), """"), """")"),"") | K9: =IFERROR(__xludf.DUMMYFUNCTION("IFERROR(QUERY(Bo3data, ""SELECT AG WHERE A="" &A9& "" AND D = '1'"", 0), ""n/a"")"),"n/a") -> n/a | L9: =IFERROR(__xludf.DUMMYFUNCTION("IFERROR(QUERY(Bo3data, ""SELECT AG WHERE A="" &A9& "" AND D = '2'"", 0), ""n/a"")"),"n/a") -> n/a | M9: =IFERROR(__xludf.DUMMYFUNCTION("IFERROR(QUERY(Bo3data, ""SELECT AG WHERE A="" &A9& "" AND D = '3'"", 0), ""n/a"")"),"n/a") -> n/a
A10: 9 | B10: =IFERROR(__xludf.DUMMYFUNCTION("IFERROR(QUERY(Bo3data, ""SELECT C, M, N, O, P, Q, R, E WHERE A="" &A10& "" AND F = 'yes'"", 0), """")"),"") | J10: =IFERROR(__xludf.DUMMYFUNCTION("IFERROR(LEFT(QUERY(Bo3data, ""SELECT E WHERE A="" &A10& "" AND D = '1'"", 0),1) & IFERROR("" "" & LEFT(QUERY(Bo3data, ""SELECT E WHERE A="" &A10& "" AND D = '2'"", 0),1), """") & IFERROR("" "" & LEFT(QUERY(Bo3data, ""SELECT E WHERE A="" &A10& "" AND D = '"&"3'"", 0),1), """"), """")"),"") | K10: =IFERROR(__xludf.DUMMYFUNCTION("IFERROR(QUERY(Bo3data, ""SELECT AG WHERE A="" &A10& "" AND D = '1'"", 0), ""n/a"")"),"n/a") -> n/a | L10: =IFERROR(__xludf.DUMMYFUNCTION("IFERROR(QUERY(Bo3data, ""SELECT AG WHERE A="" &A10& "" AND D = '2'"", 0), ""n/a"")"),"n/a") -> n/a | M10: =IFERROR(__xludf.DUMMYFUNCTION("IFERROR(QUERY(Bo3data, ""SELECT AG WHERE A="" &A10& "" AND D = '3'"", 0), ""n/a"")"),"n/a") -> n/a
A11: 10 | B11: =IFERROR(__xludf.DUMMYFUNCTION("IFERROR(QUERY(Bo3data, ""SELECT C, M, N, O, P, Q, R, E WHERE A="" &A11& "" AND F = 'yes'"", 0), """")"),"") | J11: =IFERROR(__xludf.DUMMYFUNCTION("IFERROR(LEFT(QUERY(Bo3data, ""SELECT E WHERE A="" &A11& "" AND D = '1'"", 0),1) & IFERROR("" "" & LEFT(QUERY(Bo3data, ""SELECT E WHERE A="" &A11& "" AND D = '2'"", 0),1), """") & IFERROR("" "" & LEFT(QUERY(Bo3data, ""SELECT E WHERE A="" &A11& "" AND D = '"&"3'"", 0),1), """"), """")"),"") | K11: =IFERROR(__xludf.DUMMYFUNCTION("IFERROR(QUERY(Bo3data, ""SELECT AG WHERE A="" &A11& "" AND D = '1'"", 0), ""n/a"")"),"n/a") -> n/a | L11: =IFERROR(__xludf.DUMMYFUNCTION("IFERROR(QUERY(Bo3data, ""SELECT AG WHERE A="" &A11& "" AND D = '2'"", 0), ""n/a"")"),"n/a") -> n/a | M11: =IFERROR(__xludf.DUMMYFUNCTION("IFERROR(QUERY(Bo3data, ""SELECT AG WHERE A="" &A11& "" AND D = '3'"", 0), ""n/a"")"),"n/a") -> n/a
A12: 11 | B12: =IFERROR(__xludf.DUMMYFUNCTION("IFERROR(QUERY(Bo3data, ""SELECT C, M, N, O, P, Q, R, E WHERE A="" &A12& "" AND F = 'yes'"", 0), """")"),"") | J12: =IFERROR(__xludf.DUMMYFUNCTION("IFERROR(LEFT(QUERY(Bo3data, ""SELECT E WHERE A="" &A12& "" AND D = '1'"", 0),1) & IFERROR("" "" & LEFT(QUERY(Bo3data, ""SELECT E WHERE A="" &A12& "" AND D = '2'"", 0),1), """") & IFERROR("" "" & LEFT(QUERY(Bo3data, ""SELECT E WHERE A="" &A12& "" AND D = '"&"3'"", 0),1), """"), """")"),"") | K12: =IFERROR(__xludf.DUMMYFUNCTION("IFERROR(QUERY(Bo3data, ""SELECT AG WHERE A="" &A12& "" AND D = '1'"", 0), ""n/a"")"),"n/a") -> n/a | L12: =IFERROR(__xludf.DUMMYFUNCTION("IFERROR(QUERY(Bo3data, ""SELECT AG WHERE A="" &A12& "" AND D = '2'"", 0), ""n/a"")"),"n/a") -> n/a | M12: =IFERROR(__xludf.DUMMYFUNCTION("IFERROR(QUERY(Bo3data, ""SELECT AG WHERE A="" &A12& "" AND D = '3'"", 0), ""n/a"")"),"n/a") -> n/a
A13: 12 | B13: =IFERROR(__xludf.DUMMYFUNCTION("IFERROR(QUERY(Bo3data, ""SELECT C, M, N, O, P, Q, R, E WHERE A="" &A13& "" AND F = 'yes'"", 0), """")"),"") | J13: =IFERROR(__xludf.DUMMYFUNCTION("IFERROR(LEFT(QUERY(Bo3data, ""SELECT E WHERE A="" &A13& "" AND D = '1'"", 0),1) & IFERROR("" "" & LEFT(QUERY(Bo3data, ""SELECT E WHERE A="" &A13& "" AND D = '2'"", 0),1), """") & IFERROR("" "" & LEFT(QUERY(Bo3data, ""SELECT E WHERE A="" &A13& "" AND D = '"&"3'"", 0),1), """"), """")"),"") | K13: =IFERROR(__xludf.DUMMYFUNCTION("IFERROR(QUERY(Bo3data, ""SELECT AG WHERE A="" &A13& "" AND D = '1'"", 0), ""n/a"")"),"n/a") -> n/a | L13: =IFERROR(__xludf.DUMMYFUNCTION("IFERROR(QUERY(Bo3data, ""SELECT AG WHERE A="" &A13& "" AND D = '2'"", 0), ""n/a"")"),"n/a") -> n/a | M13: =IFERROR(__xludf.DUMMYFUNCTION("IFERROR(QUERY(Bo3data, ""SELECT AG WHERE A="" &A13& "" AND D = '3'"", 0), ""n/a"")"),"n/a") -> n/a
A14: 13 | B14: =IFERROR(__xludf.DUMMYFUNCTION("IFERROR(QUERY(Bo3data, ""SELECT C, M, N, O, P, Q, R, E WHERE A="" &A14& "" AND F = 'yes'"", 0), """")"),"") | J14: =IFERROR(__xludf.DUMMYFUNCTION("IFERROR(LEFT(QUERY(Bo3data, ""SELECT E WHERE A="" &A14& "" AND D = '1'"", 0),1) & IFERROR("" "" & LEFT(QUERY(Bo3data, ""SELECT E WHERE A="" &A14& "" AND D = '2'"", 0),1), """") & IFERROR("" "" & LEFT(QUERY(Bo3data, ""SELECT E WHERE A="" &A14& "" AND D = '"&"3'"", 0),1), """"), """")"),"") | K14: =IFERROR(__xludf.DUMMYFUNCTION("IFERROR(QUERY(Bo3data, ""SELECT AG WHERE A="" &A14& "" AND D = '1'"", 0), ""n/a"")"),"n/a") -> n/a | L14: =IFERROR(__xludf.DUMMYFUNCTION("IFERROR(QUERY(Bo3data, ""SELECT AG WHERE A="" &A14& "" AND D = '2'"", 0), ""n/a"")"),"n/a") -> n/a | M14: =IFERROR(__xludf.DUMMYFUNCTION("IFERROR(QUERY(Bo3data, ""SELECT AG WHERE A="" &A14& "" AND D = '3'"", 0), ""n/a"")"),"n/a") -> n/a
A15: 14 | B15: =IFERROR(__xludf.DUMMYFUNCTION("IFERROR(QUERY(Bo3data, ""SELECT C, M, N, O, P, Q, R, E WHERE A="" &A15& "" AND F = 'yes'"", 0), """")"),"") | J15: =IFERROR(__xludf.DUMMYFUNCTION("IFERROR(LEFT(QUERY(Bo3data, ""SELECT E WHERE A="" &A15& "" AND D = '1'"", 0),1) & IFERROR("" "" & LEFT(QUERY(Bo3data, ""SELECT E WHERE A="" &A15& "" AND D = '2'"", 0),1), """") & IFERROR("" "" & LEFT(QUERY(Bo3data, ""SELECT E WHERE A="" &A15& "" AND D = '"&"3'"", 0),1), """"), """")"),"") | K15: =IFERROR(__xludf.DUMMYFUNCTION("IFERROR(QUERY(Bo3data, ""SELECT AG WHERE A="" &A15& "" AND D = '1'"", 0), ""n/a"")"),"n/a") -> n/a | L15: =IFERROR(__xludf.DUMMYFUNCTION("IFERROR(QUERY(Bo3data, ""SELECT AG WHERE A="" &A15& "" AND D = '2'"", 0), ""n/a"")"),"n/a") -> n/a | M15: =IFERROR(__xludf.DUMMYFUNCTION("IFERROR(QUERY(Bo3data, ""SELECT AG WHERE A="" &A15& "" AND D = '3'"", 0), ""n/a"")"),"n/a") -> n/a
A16: 15 | B16: =IFERROR(__xludf.DUMMYFUNCTION("IFERROR(QUERY(Bo3data, ""SELECT C, M, N, O, P, Q, R, E WHERE A="" &A16& "" AND F = 'yes'"", 0), """")"),"") | J16: =IFERROR(__xludf.DUMMYFUNCTION("IFERROR(LEFT(QUERY(Bo3data, ""SELECT E WHERE A="" &A16& "" AND D = '1'"", 0),1) & IFERROR("" "" & LEFT(QUERY(Bo3data, ""SELECT E WHERE A="" &A16& "" AND D = '2'"", 0),1), """") & IFERROR("" "" & LEFT(QUERY(Bo3data, ""SELECT E WHERE A="" &A16& "" AND D = '"&"3'"", 0),1), """"), """")"),"") | K16: =IFERROR(__xludf.DUMMYFUNCTION("IFERROR(QUERY(Bo3data, ""SELECT AG WHERE A="" &A16& "" AND D = '1'"", 0), ""n/a"")"),"n/a") -> n/a | L16: =IFERROR(__xludf.DUMMYFUNCTION("IFERROR(QUERY(Bo3data, ""SELECT AG WHERE A="" &A16& "" AND D = '2'"", 0), ""n/a"")"),"n/a") -> n/a | M16: =IFERROR(__xludf.DUMMYFUNCTION("IFERROR(QUERY(Bo3data, ""SELECT AG WHERE A="" &A16& "" AND D = '3'"", 0), ""n/a"")"),"n/a") -> n/a
A17: 16 | B17: =IFERROR(__xludf.DUMMYFUNCTION("IFERROR(QUERY(Bo3data, ""SELECT C, M, N, O, P, Q, R, E WHERE A="" &A17& "" AND F = 'yes'"", 0), """")"),"") | J17: =IFERROR(__xludf.DUMMYFUNCTION("IFERROR(LEFT(QUERY(Bo3data, ""SELECT E WHERE A="" &A17& "" AND D = '1'"", 0),1) & IFERROR("" "" & LEFT(QUERY(Bo3data, ""SELECT E WHERE A="" &A17& "" AND D = '2'"", 0),1), """") & IFERROR("" "" & LEFT(QUERY(Bo3data, ""SELECT E WHERE A="" &A17& "" AND D = '"&"3'"", 0),1), """"), """")"),"") | K17: =IFERROR(__xludf.DUMMYFUNCTION("IFERROR(QUERY(Bo3data, ""SELECT AG WHERE A="" &A17& "" AND D = '1'"", 0), ""n/a"")"),"n/a") -> n/a | L17: =IFERROR(__xludf.DUMMYFUNCTION("IFERROR(QUERY(Bo3data, ""SELECT AG WHERE A="" &A17& "" AND D = '2'"", 0), ""n/a"")"),"n/a") -> n/a | M17: =IFERROR(__xludf.DUMMYFUNCTION("IFERROR(QUERY(Bo3data, ""SELECT AG WHERE A="" &A17& "" AND D = '3'"", 0), ""n/a"")"),"n/a") -> n/a
A18: 17 | B18: =IFERROR(__xludf.DUMMYFUNCTION("IFERROR(QUERY(Bo3data, ""SELECT C, M, N, O, P, Q, R, E WHERE A="" &A18& "" AND F = 'yes'"", 0), """")"),"") | J18: =IFERROR(__xludf.DUMMYFUNCTION("IFERROR(LEFT(QUERY(Bo3data, ""SELECT E WHERE A="" &A18& "" AND D = '1'"", 0),1) & IFERROR("" "" & LEFT(QUERY(Bo3data, ""SELECT E WHERE A="" &A18& "" AND D = '2'"", 0),1), """") & IFERROR("" "" & LEFT(QUERY(Bo3data, ""SELECT E WHERE A="" &A18& "" AND D = '"&"3'"", 0),1), """"), """")"),"") | K18: =IFERROR(__xludf.DUMMYFUNCTION("IFERROR(QUERY(Bo3data, ""SELECT AG WHERE A="" &A18& "" AND D = '1'"", 0), ""n/a"")"),"n/a") -> n/a | L18: =IFERROR(__xludf.DUMMYFUNCTION("IFERROR(QUERY(Bo3data, ""SELECT AG WHERE A="" &A18& "" AND D = '2'"", 0), ""n/a"")"),"n/a") -> n/a | M18: =IFERROR(__xludf.DUMMYFUNCTION("IFERROR(QUERY(Bo3data, ""SELECT AG WHERE A="" &A18& "" AND D = '3'"", 0), ""n/a"")"),"n/a") -> n/a
A19: 18 | B19: =IFERROR(__xludf.DUMMYFUNCTION("IFERROR(QUERY(Bo3data, ""SELECT C, M, N, O, P, Q, R, E WHERE A="" &A19& "" AND F = 'yes'"", 0), """")"),"") | J19: =IFERROR(__xludf.DUMMYFUNCTION("IFERROR(LEFT(QUERY(Bo3data, ""SELECT E WHERE A="" &A19& "" AND D = '1'"", 0),1) & IFERROR("" "" & LEFT(QUERY(Bo3data, ""SELECT E WHERE A="" &A19& "" AND D = '2'"", 0),1), """") & IFERROR("" "" & LEFT(QUERY(Bo3data, ""SELECT E WHERE A="" &A19& "" AND D = '"&"3'"", 0),1), """"), """")"),"") | K19: =IFERROR(__xludf.DUMMYFUNCTION("IFERROR(QUERY(Bo3data, ""SELECT AG WHERE A="" &A19& "" AND D = '1'"", 0), ""n/a"")"),"n/a") -> n/a | L19: =IFERROR(__xludf.DUMMYFUNCTION("IFERROR(QUERY(Bo3data, ""SELECT AG WHERE A="" &A19& "" AND D = '2'"", 0), ""n/a"")"),"n/a") -> n/a | M19: =IFERROR(__xludf.DUMMYFUNCTION("IFERROR(QUERY(Bo3data, ""SELECT AG WHERE A="" &A19& "" AND D = '3'"", 0), ""n/a"")"),"n/a") -> n/a
A20: 19 | B20: =IFERROR(__xludf.DUMMYFUNCTION("IFERROR(QUERY(Bo3data, ""SELECT C, M, N, O, P, Q, R, E WHERE A="" &A20& "" AND F = 'yes'"", 0), """")"),"") | J20: =IFERROR(__xludf.DUMMYFUNCTION("IFERROR(LEFT(QUERY(Bo3data, ""SELECT E WHERE A="" &A20& "" AND D = '1'"", 0),1) & IFERROR("" "" & LEFT(QUERY(Bo3data, ""SELECT E WHERE A="" &A20& "" AND D = '2'"", 0),1), """") & IFERROR("" "" & LEFT(QUERY(Bo3data, ""SELECT E WHERE A="" &A20& "" AND D = '"&"3'"", 0),1), """"), """")"),"") | K20: =IFERROR(__xludf.DUMMYFUNCTION("IFERROR(QUERY(Bo3data, ""SELECT AG WHERE A="" &A20& "" AND D = '1'"", 0), ""n/a"")"),"n/a") -> n/a | L20: =IFERROR(__xludf.DUMMYFUNCTION("IFERROR(QUERY(Bo3data, ""SELECT AG WHERE A="" &A20& "" AND D = '2'"", 0), ""n/a"")"),"n/a") -> n/a | M20: =IFERROR(__xludf.DUMMYFUNCTION("IFERROR(QUERY(Bo3data, ""SELECT AG WHERE A="" &A20& "" AND D = '3'"", 0), ""n/a"")"),"n/a") -> n/a
A21: 20 | B21: =IFERROR(__xludf.DUMMYFUNCTION("IFERROR(QUERY(Bo3data, ""SELECT C, M, N, O, P, Q, R, E WHERE A="" &A21& "" AND F = 'yes'"", 0), """")"),"") | J21: =IFERROR(__xludf.DUMMYFUNCTION("IFERROR(LEFT(QUERY(Bo3data, ""SELECT E WHERE A="" &A21& "" AND D = '1'"", 0),1) & IFERROR("" "" & LEFT(QUERY(Bo3data, ""SELECT E WHERE A="" &A21& "" AND D = '2'"", 0),1), """") & IFERROR("" "" & LEFT(QUERY(Bo3data, ""SELECT E WHERE A="" &A21& "" AND D = '"&"3'"", 0),1), """"), """")"),"") | K21: =IFERROR(__xludf.DUMMYFUNCTION("IFERROR(QUERY(Bo3data, ""SELECT AG WHERE A="" &A21& "" AND D = '1'"", 0), ""n/a"")"),"n/a") -> n/a | L21: =IFERROR(__xludf.DUMMYFUNCTION("IFERROR(QUERY(Bo3data, ""SELECT AG WHERE A="" &A21& "" AND D = '2'"", 0), ""n/a"")"),"n/a") -> n/a | M21: =IFERROR(__xludf.DUMMYFUNCTION("IFERROR(QUERY(Bo3data, ""SELECT AG WHERE A="" &A21& "" AND D = '3'"", 0), ""n/a"")"),"n/a") -> n/a
A22: 21 | B22: =IFERROR(__xludf.DUMMYFUNCTION("IFERROR(QUERY(Bo3data, ""SELECT C, M, N, O, P, Q, R, E WHERE A="" &A22& "" AND F = 'yes'"", 0), """")"),"") | J22: =IFERROR(__xludf.DUMMYFUNCTION("IFERROR(LEFT(QUERY(Bo3data, ""SELECT E WHERE A="" &A22& "" AND D = '1'"", 0),1) & IFERROR("" "" & LEFT(QUERY(Bo3data, ""SELECT E WHERE A="" &A22& "" AND D = '2'"", 0),1), """") & IFERROR("" "" & LEFT(QUERY(Bo3data, ""SELECT E WHERE A="" &A22& "" AND D = '"&"3'"", 0),1), """"), """")"),"") | K22: =IFERROR(__xludf.DUMMYFUNCTION("IFERROR(QUERY(Bo3data, ""SELECT AG WHERE A="" &A22& "" AND D = '1'"", 0), ""n/a"")"),"n/a") -> n/a | L22: =IFERROR(__xludf.DUMMYFUNCTION("IFERROR(QUERY(Bo3data, ""SELECT AG WHERE A="" &A22& "" AND D = '2'"", 0), ""n/a"")"),"n/a") -> n/a | M22: =IFERROR(__xludf.DUMMYFUNCTION("IFERROR(QUERY(Bo3data, ""SELECT AG WHERE A="" &A22& "" AND D = '3'"", 0), ""n/a"")"),"n/a") -> n/a
A23: 22 | B23: =IFERROR(__xludf.DUMMYFUNCTION("IFERROR(QUERY(Bo3data, ""SELECT C, M, N, O, P, Q, R, E WHERE A="" &A23& "" AND F = 'yes'"", 0), """")"),"") | J23: =IFERROR(__xludf.DUMMYFUNCTION("IFERROR(LEFT(QUERY(Bo3data, ""SELECT E WHERE A="" &A23& "" AND D = '1'"", 0),1) & IFERROR("" "" & LEFT(QUERY(Bo3data, ""SELECT E WHERE A="" &A23& "" AND D = '2'"", 0),1), """") & IFERROR("" "" & LEFT(QUERY(Bo3data, ""SELECT E WHERE A="" &A23& "" AND D = '"&"3'"", 0),1), """"), """")"),"") | K23: =IFERROR(__xludf.DUMMYFUNCTION("IFERROR(QUERY(Bo3data, ""SELECT AG WHERE A="" &A23& "" AND D = '1'"", 0), ""n/a"")"),"n/a") -> n/a | L23: =IFERROR(__xludf.DUMMYFUNCTION("IFERROR(QUERY(Bo3data, ""SELECT AG WHERE A="" &A23& "" AND D = '2'"", 0), ""n/a"")"),"n/a") -> n/a | M23: =IFERROR(__xludf.DUMMYFUNCTION("IFERROR(QUERY(Bo3data, ""SELECT AG WHERE A="" &A23& "" AND D = '3'"", 0), ""n/a"")"),"n/a") -> n/a
A24: 23 | B24: =IFERROR(__xludf.DUMMYFUNCTION("IFERROR(QUERY(Bo3data, ""SELECT C, M, N, O, P, Q, R, E WHERE A="" &A24& "" AND F = 'yes'"", 0), """")"),"") | J24: =IFERROR(__xludf.DUMMYFUNCTION("IFERROR(LEFT(QUERY(Bo3data, ""SELECT E WHERE A="" &A24& "" AND D = '1'"", 0),1) & IFERROR("" "" & LEFT(QUERY(Bo3data, ""SELECT E WHERE A="" &A24& "" AND D = '2'"", 0),1), """") & IFERROR("" "" & LEFT(QUERY(Bo3data, ""SELECT E WHERE A="" &A24& "" AND D = '"&"3'"", 0),1), """"), """")"),"") | K24: =IFERROR(__xludf.DUMMYFUNCTION("IFERROR(QUERY(Bo3data, ""SELECT AG WHERE A="" &A24& "" AND D = '1'"", 0), ""n/a"")"),"n/a") -> n/a | L24: =IFERROR(__xludf.DUMMYFUNCTION("IFERROR(QUERY(Bo3data, ""SELECT AG WHERE A="" &A24& "" AND D = '2'"", 0), ""n/a"")"),"n/a") -> n/a | M24: =IFERROR(__xludf.DUMMYFUNCTION("IFERROR(QUERY(Bo3data, ""SELECT AG WHERE A="" &A24& "" AND D = '3'"", 0), ""n/a"")"),"n/a") -> n/a
A25: 24 | B25: =IFERROR(__xludf.DUMMYFUNCTION("IFERROR(QUERY(Bo3data, ""SELECT C, M, N, O, P, Q, R, E WHERE A="" &A25& "" AND F = 'yes'"", 0), """")"),"") | J25: =IFERROR(__xludf.DUMMYFUNCTION("IFERROR(LEFT(QUERY(Bo3data, ""SELECT E WHERE A="" &A25& "" AND D = '1'"", 0),1) & IFERROR("" "" & LEFT(QUERY(Bo3data, ""SELECT E WHERE A="" &A25& "" AND D = '2'"", 0),1), """") & IFERROR("" "" & LEFT(QUERY(Bo3data, ""SELECT E WHERE A="" &A25& "" AND D = '"&"3'"", 0),1), """"), """")"),"") | K25: =IFERROR(__xludf.DUMMYFUNCTION("IFERROR(QUERY(Bo3data, ""SELECT AG WHERE A="" &A25& "" AND D = '1'"", 0), ""n/a"")"),"n/a") -> n/a | L25: =IFERROR(__xludf.DUMMYFUNCTION("IFERROR(QUERY(Bo3data, ""SELECT AG WHERE A="" &A25& "" AND D = '2'"", 0), ""n/a"")"),"n/a") -> n/a | M25: =IFERROR(__xludf.DUMMYFUNCTION("IFERROR(QUERY(Bo3data, ""SELECT AG WHERE A="" &A25& "" AND D = '3'"", 0), ""n/a"")"),"n/a") -> n/a
A26: 25 | B26: =IFERROR(__xludf.DUMMYFUNCTION("IFERROR(QUERY(Bo3data, ""SELECT C, M, N, O, P, Q, R, E WHERE A="" &A26& "" AND F = 'yes'"", 0), """")"),"") | J26: =IFERROR(__xludf.DUMMYFUNCTION("IFERROR(LEFT(QUERY(Bo3data, ""SELECT E WHERE A="" &A26& "" AND D = '1'"", 0),1) & IFERROR("" "" & LEFT(QUERY(Bo3data, ""SELECT E WHERE A="" &A26& "" AND D = '2'"", 0),1), """") & IFERROR("" "" & LEFT(QUERY(Bo3data, ""SELECT E WHERE A="" &A26& "" AND D = '"&"3'"", 0),1), """"), """")"),"") | K26: =IFERROR(__xludf.DUMMYFUNCTION("IFERROR(QUERY(Bo3data, ""SELECT AG WHERE A="" &A26& "" AND D = '1'"", 0), ""n/a"")"),"n/a") -> n/a | L26: =IFERROR(__xludf.DUMMYFUNCTION("IFERROR(QUERY(Bo3data, ""SELECT AG WHERE A="" &A26& "" AND D = '2'"", 0), ""n/a"")"),"n/a") -> n/a | M26: =IFERROR(__xludf.DUMMYFUNCTION("IFERROR(QUERY(Bo3data, ""SELECT AG WHERE A="" &A26& "" AND D = '3'"", 0), ""n/a"")"),"n/a") -> n/a
A27: 26 | B27: =IFERROR(__xludf.DUMMYFUNCTION("IFERROR(QUERY(Bo3data, ""SELECT C, M, N, O, P, Q, R, E WHERE A="" &A27& "" AND F = 'yes'"", 0), """")"),"") | J27: =IFERROR(__xludf.DUMMYFUNCTION("IFERROR(LEFT(QUERY(Bo3data, ""SELECT E WHERE A="" &A27& "" AND D = '1'"", 0),1) & IFERROR("" "" & LEFT(QUERY(Bo3data, ""SELECT E WHERE A="" &A27& "" AND D = '2'"", 0),1), """") & IFERROR("" "" & LEFT(QUERY(Bo3data, ""SELECT E WHERE A="" &A27& "" AND D = '"&"3'"", 0),1), """"), """")"),"") | K27: =IFERROR(__xludf.DUMMYFUNCTION("IFERROR(QUERY(Bo3data, ""SELECT AG WHERE A="" &A27& "" AND D = '1'"", 0), ""n/a"")"),"n/a") -> n/a | L27: =IFERROR(__xludf.DUMMYFUNCTION("IFERROR(QUERY(Bo3data, ""SELECT AG WHERE A="" &A27& "" AND D = '2'"", 0), ""n/a"")"),"n/a") -> n/a | M27: =IFERROR(__xludf.DUMMYFUNCTION("IFERROR(QUERY(Bo3data, ""SELECT AG WHERE A="" &A27& "" AND D = '3'"", 0), ""n/a"")"),"n/a") -> n/a
A28: 27 | B28: =IFERROR(__xludf.DUMMYFUNCTION("IFERROR(QUERY(Bo3data, ""SELECT C, M, N, O, P, Q, R, E WHERE A="" &A28& "" AND F = 'yes'"", 0), """")"),"") | J28: =IFERROR(__xludf.DUMMYFUNCTION("IFERROR(LEFT(QUERY(Bo3data, ""SELECT E WHERE A="" &A28& "" AND D = '1'"", 0),1) & IFERROR("" "" & LEFT(QUERY(Bo3data, ""SELECT E WHERE A="" &A28& "" AND D = '2'"", 0),1), """") & IFERROR("" "" & LEFT(QUERY(Bo3data, ""SELECT E WHERE A="" &A28& "" AND D = '"&"3'"", 0),1), """"), """")"),"") | K28: =IFERROR(__xludf.DUMMYFUNCTION("IFERROR(QUERY(Bo3data, ""SELECT AG WHERE A="" &A28& "" AND D = '1'"", 0), ""n/a"")"),"n/a") -> n/a | L28: =IFERROR(__xludf.DUMMYFUNCTION("IFERROR(QUERY(Bo3data, ""SELECT AG WHERE A="" &A28& "" AND D = '2'"", 0), ""n/a"")"),"n/a") -> n/a | M28: =IFERROR(__xludf.DUMMYFUNCTION("IFERROR(QUERY(Bo3data, ""SELECT AG WHERE A="" &A28& "" AND D = '3'"", 0), ""n/a"")"),"n/a") -> n/a
A29: 28 | B29: =IFERROR(__xludf.DUMMYFUNCTION("IFERROR(QUERY(Bo3data, ""SELECT C, M, N, O, P, Q, R, E WHERE A="" &A29& "" AND F = 'yes'"", 0), """")"),"") | J29: =IFERROR(__xludf.DUMMYFUNCTION("IFERROR(LEFT(QUERY(Bo3data, ""SELECT E WHERE A="" &A29& "" AND D = '1'"", 0),1) & IFERROR("" "" & LEFT(QUERY(Bo3data, ""SELECT E WHERE A="" &A29& "" AND D = '2'"", 0),1), """") & IFERROR("" "" & LEFT(QUERY(Bo3data, ""SELECT E WHERE A="" &A29& "" AND D = '"&"3'"", 0),1), """"), """")"),"") | K29: =IFERROR(__xludf.DUMMYFUNCTION("IFERROR(QUERY(Bo3data, ""SELECT AG WHERE A="" &A29& "" AND D = '1'"", 0), ""n/a"")"),"n/a") -> n/a | L29: =IFERROR(__xludf.DUMMYFUNCTION("IFERROR(QUERY(Bo3data, ""SELECT AG WHERE A="" &A29& "" AND D = '2'"", 0), ""n/a"")"),"n/a") -> n/a | M29: =IFERROR(__xludf.DUMMYFUNCTION("IFERROR(QUERY(Bo3data, ""SELECT AG WHERE A="" &A29& "" AND D = '3'"", 0), ""n/a"")"),"n/a") -> n/a
A30: 29 | B30: =IFERROR(__xludf.DUMMYFUNCTION("IFERROR(QUERY(Bo3data, ""SELECT C, M, N, O, P, Q, R, E WHERE A="" &A30& "" AND F = 'yes'"", 0), """")"),"") | J30: =IFERROR(__xludf.DUMMYFUNCTION("IFERROR(LEFT(QUERY(Bo3data, ""SELECT E WHERE A="" &A30& "" AND D = '1'"", 0),1) & IFERROR("" "" & LEFT(QUERY(Bo3data, ""SELECT E WHERE A="" &A30& "" AND D = '2'"", 0),1), """") & IFERROR("" "" & LEFT(QUERY(Bo3data, ""SELECT E WHERE A="" &A30& "" AND D = '"&"3'"", 0),1), """"), """")"),"") | K30: =IFERROR(__xludf.DUMMYFUNCTION("IFERROR(QUERY(Bo3data, ""SELECT AG WHERE A="" &A30& "" AND D = '1'"", 0), ""n/a"")"),"n/a") -> n/a | L30: =IFERROR(__xludf.DUMMYFUNCTION("IFERROR(QUERY(Bo3data, ""SELECT AG WHERE A="" &A30& "" AND D = '2'"", 0), ""n/a"")"),"n/a") -> n/a | M30: =IFERROR(__xludf.DUMMYFUNCTION("IFERROR(QUERY(Bo3data, ""SELECT AG WHERE A="" &A30& "" AND D = '3'"", 0), ""n/a"")"),"n/a") -> n/a
A31: 30 | B31: =IFERROR(__xludf.DUMMYFUNCTION("IFERROR(QUERY(Bo3data, ""SELECT C, M, N, O, P, Q, R, E WHERE A="" &A31& "" AND F = 'yes'"", 0), """")"),"") | J31: =IFERROR(__xludf.DUMMYFUNCTION("IFERROR(LEFT(QUERY(Bo3data, ""SELECT E WHERE A="" &A31& "" AND D = '1'"", 0),1) & IFERROR("" "" & LEFT(QUERY(Bo3data, ""SELECT E WHERE A="" &A31& "" AND D = '2'"", 0),1), """") & IFERROR("" "" & LEFT(QUERY(Bo3data, ""SELECT E WHERE A="" &A31& "" AND D = '"&"3'"", 0),1), """"), """")"),"") | K31: =IFERROR(__xludf.DUMMYFUNCTION("IFERROR(QUERY(Bo3data, ""SELECT AG WHERE A="" &A31& "" AND D = '1'"", 0), ""n/a"")"),"n/a") -> n/a | L31: =IFERROR(__xludf.DUMMYFUNCTION("IFERROR(QUERY(Bo3data, ""SELECT AG WHERE A="" &A31& "" AND D = '2'"", 0), ""n/a"")"),"n/a") -> n/a | M31: =IFERROR(__xludf.DUMMYFUNCTION("IFERROR(QUERY(Bo3data, ""SELECT AG WHERE A="" &A31& "" AND D = '3'"", 0), ""n/a"")"),"n/a") -> n/a
A32: 31 | B32: =IFERROR(__xludf.DUMMYFUNCTION("IFERROR(QUERY(Bo3data, ""SELECT C, M, N, O, P, Q, R, E WHERE A="" &A32& "" AND F = 'yes'"", 0), """")"),"") | J32: =IFERROR(__xludf.DUMMYFUNCTION("IFERROR(LEFT(QUERY(Bo3data, ""SELECT E WHERE A="" &A32& "" AND D = '1'"", 0),1) & IFERROR("" "" & LEFT(QUERY(Bo3data, ""SELECT E WHERE A="" &A32& "" AND D = '2'"", 0),1), """") & IFERROR("" "" & LEFT(QUERY(Bo3data, ""SELECT E WHERE A="" &A32& "" AND D = '"&"3'"", 0),1), """"), """")"),"") | K32: =IFERROR(__xludf.DUMMYFUNCTION("IFERROR(QUERY(Bo3data, ""SELECT AG WHERE A="" &A32& "" AND D = '1'"", 0), ""n/a"")"),"n/a") -> n/a | L32: =IFERROR(__xludf.DUMMYFUNCTION("IFERROR(QUERY(Bo3data, ""SELECT AG WHERE A="" &A32& "" AND D = '2'"", 0), ""n/a"")"),"n/a") -> n/a | M32: =IFERROR(__xludf.DUMMYFUNCTION("IFERROR(QUERY(Bo3data, ""SELECT AG WHERE A="" &A32& "" AND D = '3'"", 0), ""n/a"")"),"n/a") -> n/a
A33: 32 | B33: =IFERROR(__xludf.DUMMYFUNCTION("IFERROR(QUERY(Bo3data, ""SELECT C, M, N, O, P, Q, R, E WHERE A="" &A33& "" AND F = 'yes'"", 0), """")"),"") | J33: =IFERROR(__xludf.DUMMYFUNCTION("IFERROR(LEFT(QUERY(Bo3data, ""SELECT E WHERE A="" &A33& "" AND D = '1'"", 0),1) & IFERROR("" "" & LEFT(QUERY(Bo3data, ""SELECT E WHERE A="" &A33& "" AND D = '2'"", 0),1), """") & IFERROR("" "" & LEFT(QUERY(Bo3data, ""SELECT E WHERE A="" &A33& "" AND D = '"&"3'"", 0),1), """"), """")"),"") | K33: =IFERROR(__xludf.DUMMYFUNCTION("IFERROR(QUERY(Bo3data, ""SELECT AG WHERE A="" &A33& "" AND D = '1'"", 0), ""n/a"")"),"n/a") -> n/a | L33: =IFERROR(__xludf.DUMMYFUNCTION("IFERROR(QUERY(Bo3data, ""SELECT AG WHERE A="" &A33& "" AND D = '2'"", 0), ""n/a"")"),"n/a") -> n/a | M33: =IFERROR(__xludf.DUMMYFUNCTION("IFERROR(QUERY(Bo3data, ""SELECT AG WHERE A="" &A33& "" AND D = '3'"", 0), ""n/a"")"),"n/a") -> n/a
A34: 33 | B34: =IFERROR(__xludf.DUMMYFUNCTION("IFERROR(QUERY(Bo3data, ""SELECT C, M, N, O, P, Q, R, E WHERE A="" &A34& "" AND F = 'yes'"", 0), """")"),"") | J34: =IFERROR(__xludf.DUMMYFUNCTION("IFERROR(LEFT(QUERY(Bo3data, ""SELECT E WHERE A="" &A34& "" AND D = '1'"", 0),1) & IFERROR("" "" & LEFT(QUERY(Bo3data, ""SELECT E WHERE A="" &A34& "" AND D = '2'"", 0),1), """") & IFERROR("" "" & LEFT(QUERY(Bo3data, ""SELECT E WHERE A="" &A34& "" AND D = '"&"3'"", 0),1), """"), """")"),"") | K34: =IFERROR(__xludf.DUMMYFUNCTION("IFERROR(QUERY(Bo3data, ""SELECT AG WHERE A="" &A34& "" AND D = '1'"", 0), ""n/a"")"),"n/a") -> n/a | L34: =IFERROR(__xludf.DUMMYFUNCTION("IFERROR(QUERY(Bo3data, ""SELECT AG WHERE A="" &A34& "" AND D = '2'"", 0), ""n/a"")"),"n/a") -> n/a | M34: =IFERROR(__xludf.DUMMYFUNCTION("IFERROR(QUERY(Bo3data, ""SELECT AG WHERE A="" &A34& "" AND D = '3'"", 0), ""n/a"")"),"n/a") -> n/a
A35: 34 | B35: =IFERROR(__xludf.DUMMYFUNCTION("IFERROR(QUERY(Bo3data, ""SELECT C, M, N, O, P, Q, R, E WHERE A="" &A35& "" AND F = 'yes'"", 0), """")"),"") | J35: =IFERROR(__xludf.DUMMYFUNCTION("IFERROR(LEFT(QUERY(Bo3data, ""SELECT E WHERE A="" &A35& "" AND D = '1'"", 0),1) & IFERROR("" "" & LEFT(QUERY(Bo3data, ""SELECT E WHERE A="" &A35& "" AND D = '2'"", 0),1), """") & IFERROR("" "" & LEFT(QUERY(Bo3data, ""SELECT E WHERE A="" &A35& "" AND D = '"&"3'"", 0),1), """"), """")"),"") | K35: =IFERROR(__xludf.DUMMYFUNCTION("IFERROR(QUERY(Bo3data, ""SELECT AG WHERE A="" &A35& "" AND D = '1'"", 0), ""n/a"")"),"n/a") -> n/a | L35: =IFERROR(__xludf.DUMMYFUNCTION("IFERROR(QUERY(Bo3data, ""SELECT AG WHERE A="" &A35& "" AND D = '2'"", 0), ""n/a"")"),"n/a") -> n/a | M35: =IFERROR(__xludf.DUMMYFUNCTION("IFERROR(QUERY(Bo3data, ""SELECT AG WHERE A="" &A35& "" AND D = '3'"", 0), ""n/a"")"),"n/a") -> n/a
A36: 35 | B36: =IFERROR(__xludf.DUMMYFUNCTION("IFERROR(QUERY(Bo3data, ""SELECT C, M, N, O, P, Q, R, E WHERE A="" &A36& "" AND F = 'yes'"", 0), """")"),"") | J36: =IFERROR(__xludf.DUMMYFUNCTION("IFERROR(LEFT(QUERY(Bo3data, ""SELECT E WHERE A="" &A36& "" AND D = '1'"", 0),1) & IFERROR("" "" & LEFT(QUERY(Bo3data, ""SELECT E WHERE A="" &A36& "" AND D = '2'"", 0),1), """") & IFERROR("" "" & LEFT(QUERY(Bo3data, ""SELECT E WHERE A="" &A36& "" AND D = '"&"3'"", 0),1), """"), """")"),"") | K36: =IFERROR(__xludf.DUMMYFUNCTION("IFERROR(QUERY(Bo3data, ""SELECT AG WHERE A="" &A36& "" AND D = '1'"", 0), ""n/a"")"),"n/a") -> n/a | L36: =IFERROR(__xludf.DUMMYFUNCTION("IFERROR(QUERY(Bo3data, ""SELECT AG WHERE A="" &A36& "" AND D = '2'"", 0), ""n/a"")"),"n/a") -> n/a | M36: =IFERROR(__xludf.DUMMYFUNCTION("IFERROR(QUERY(Bo3data, ""SELECT AG WHERE A="" &A36& "" AND D = '3'"", 0), ""n/a"")"),"n/a") -> n/a
A37: 36 | B37: =IFERROR(__xludf.DUMMYFUNCTION("IFERROR(QUERY(Bo3data, ""SELECT C, M, N, O, P, Q, R, E WHERE A="" &A37& "" AND F = 'yes'"", 0), """")"),"") | J37: =IFERROR(__xludf.DUMMYFUNCTION("IFERROR(LEFT(QUERY(Bo3data, ""SELECT E WHERE A="" &A37& "" AND D = '1'"", 0),1) & IFERROR("" "" & LEFT(QUERY(Bo3data, ""SELECT E WHERE A="" &A37& "" AND D = '2'"", 0),1), """") & IFERROR("" "" & LEFT(QUERY(Bo3data, ""SELECT E WHERE A="" &A37& "" AND D = '"&"3'"", 0),1), """"), """")"),"") | K37: =IFERROR(__xludf.DUMMYFUNCTION("IFERROR(QUERY(Bo3data, ""SELECT AG WHERE A="" &A37& "" AND D = '1'"", 0), ""n/a"")"),"n/a") -> n/a | L37: =IFERROR(__xludf.DUMMYFUNCTION("IFERROR(QUERY(Bo3data, ""SELECT AG WHERE A="" &A37& "" AND D = '2'"", 0), ""n/a"")"),"n/a") -> n/a | M37: =IFERROR(__xludf.DUMMYFUNCTION("IFERROR(QUERY(Bo3data, ""SELECT AG WHERE A="" &A37& "" AND D = '3'"", 0), ""n/a"")"),"n/a") -> n/a
A38: 37 | B38: =IFERROR(__xludf.DUMMYFUNCTION("IFERROR(QUERY(Bo3data, ""SELECT C, M, N, O, P, Q, R, E WHERE A="" &A38& "" AND F = 'yes'"", 0), """")"),"") | J38: =IFERROR(__xludf.DUMMYFUNCTION("IFERROR(LEFT(QUERY(Bo3data, ""SELECT E WHERE A="" &A38& "" AND D = '1'"", 0),1) & IFERROR("" "" & LEFT(QUERY(Bo3data, ""SELECT E WHERE A="" &A38& "" AND D = '2'"", 0),1), """") & IFERROR("" "" & LEFT(QUERY(Bo3data, ""SELECT E WHERE A="" &A38& "" AND D = '"&"3'"", 0),1), """"), """")"),"") | K38: =IFERROR(__xludf.DUMMYFUNCTION("IFERROR(QUERY(Bo3data, ""SELECT AG WHERE A="" &A38& "" AND D = '1'"", 0), ""n/a"")"),"n/a") -> n/a | L38: =IFERROR(__xludf.DUMMYFUNCTION("IFERROR(QUERY(Bo3data, ""SELECT AG WHERE A="" &A38& "" AND D = '2'"", 0), ""n/a"")"),"n/a") -> n/a | M38: =IFERROR(__xludf.DUMMYFUNCTION("IFERROR(QUERY(Bo3data, ""SELECT AG WHERE A="" &A38& "" AND D = '3'"", 0), ""n/a"")"),"n/a") -> n/a
A39: 38 | B39: =IFERROR(__xludf.DUMMYFUNCTION("IFERROR(QUERY(Bo3data, ""SELECT C, M, N, O, P, Q, R, E WHERE A="" &A39& "" AND F = 'yes'"", 0), """")"),"") | J39: =IFERROR(__xludf.DUMMYFUNCTION("IFERROR(LEFT(QUERY(Bo3data, ""SELECT E WHERE A="" &A39& "" AND D = '1'"", 0),1) & IFERROR("" "" & LEFT(QUERY(Bo3data, ""SELECT E WHERE A="" &A39& "" AND D = '2'"", 0),1), """") & IFERROR("" "" & LEFT(QUERY(Bo3data, ""SELECT E WHERE A="" &A39& "" AND D = '"&"3'"", 0),1), """"), """")"),"") | K39: =IFERROR(__xludf.DUMMYFUNCTION("IFERROR(QUERY(Bo3data, ""SELECT AG WHERE A="" &A39& "" AND D = '1'"", 0), ""n/a"")"),"n/a") -> n/a | L39: =IFERROR(__xludf.DUMMYFUNCTION("IFERROR(QUERY(Bo3data, ""SELECT AG WHERE A="" &A39& "" AND D = '2'"", 0), ""n/a"")"),"n/a") -> n/a | M39: =IFERROR(__xludf.DUMMYFUNCTION("IFERROR(QUERY(Bo3data, ""SELECT AG WHERE A="" &A39& "" AND D = '3'"", 0), ""n/a"")"),"n/a") -> n/a
A40: 39 | B40: =IFERROR(__xludf.DUMMYFUNCTION("IFERROR(QUERY(Bo3data, ""SELECT C, M, N, O, P, Q, R, E WHERE A="" &A40& "" AND F = 'yes'"", 0), """")"),"") | J40: =IFERROR(__xludf.DUMMYFUNCTION("IFERROR(LEFT(QUERY(Bo3data, ""SELECT E WHERE A="" &A40& "" AND D = '1'"", 0),1) & IFERROR("" "" & LEFT(QUERY(Bo3data, ""SELECT E WHERE A="" &A40& "" AND D = '2'"", 0),1), """") & IFERROR("" "" & LEFT(QUERY(Bo3data, ""SELECT E WHERE A="" &A40& "" AND D = '"&"3'"", 0),1), """"), """")"),"") | K40: =IFERROR(__xludf.DUMMYFUNCTION("IFERROR(QUERY(Bo3data, ""SELECT AG WHERE A="" &A40& "" AND D = '1'"", 0), ""n/a"")"),"n/a") -> n/a | L40: =IFERROR(__xludf.DUMMYFUNCTION("IFERROR(QUERY(Bo3data, ""SELECT AG WHERE A="" &A40& "" AND D = '2'"", 0), ""n/a"")"),"n/a") -> n/a | M40: =IFERROR(__xludf.DUMMYFUNCTION("IFERROR(QUERY(Bo3data, ""SELECT AG WHERE A="" &A40& "" AND D = '3'"", 0), ""n/a"")"),"n/a") -> n/a
A41: 40 | B41: =IFERROR(__xludf.DUMMYFUNCTION("IFERROR(QUERY(Bo3data, ""SELECT C, M, N, O, P, Q, R, E WHERE A="" &A41& "" AND F = 'yes'"", 0), """")"),"") | J41: =IFERROR(__xludf.DUMMYFUNCTION("IFERROR(LEFT(QUERY(Bo3data, ""SELECT E WHERE A="" &A41& "" AND D = '1'"", 0),1) & IFERROR("" "" & LEFT(QUERY(Bo3data, ""SELECT E WHERE A="" &A41& "" AND D = '2'"", 0),1), """") & IFERROR("" "" & LEFT(QUERY(Bo3data, ""SELECT E WHERE A="" &A41& "" AND D = '"&"3'"", 0),1), """"), """")"),"") | K41: =IFERROR(__xludf.DUMMYFUNCTION("IFERROR(QUERY(Bo3data, ""SELECT AG WHERE A="" &A41& "" AND D = '1'"", 0), ""n/a"")"),"n/a") -> n/a | L41: =IFERROR(__xludf.DUMMYFUNCTION("IFERROR(QUERY(Bo3data, ""SELECT AG WHERE A="" &A41& "" AND D = '2'"", 0), ""n/a"")"),"n/a") -> n/a | M41: =IFERROR(__xludf.DUMMYFUNCTION("IFERROR(QUERY(Bo3data, ""SELECT AG WHERE A="" &A41& "" AND D = '3'"", 0), ""n/a"")"),"n/a") -> n/a
A42: 41 | B42: =IFERROR(__xludf.DUMMYFUNCTION("IFERROR(QUERY(Bo3data, ""SELECT C, M, N, O, P, Q, R, E WHERE A="" &A42& "" AND F = 'yes'"", 0), """")"),"") | J42: =IFERROR(__xludf.DUMMYFUNCTION("IFERROR(LEFT(QUERY(Bo3data, ""SELECT E WHERE A="" &A42& "" AND D = '1'"", 0),1) & IFERROR("" "" & LEFT(QUERY(Bo3data, ""SELECT E WHERE A="" &A42& "" AND D = '2'"", 0),1), """") & IFERROR("" "" & LEFT(QUERY(Bo3data, ""SELECT E WHERE A="" &A42& "" AND D = '"&"3'"", 0),1), """"), """")"),"") | K42: =IFERROR(__xludf.DUMMYFUNCTION("IFERROR(QUERY(Bo3data, ""SELECT AG WHERE A="" &A42& "" AND D = '1'"", 0), ""n/a"")"),"n/a") -> n/a | L42: =IFERROR(__xludf.DUMMYFUNCTION("IFERROR(QUERY(Bo3data, ""SELECT AG WHERE A="" &A42& "" AND D = '2'"", 0), ""n/a"")"),"n/a") -> n/a | M42: =IFERROR(__xludf.DUMMYFUNCTION("IFERROR(QUERY(Bo3data, ""SELECT AG WHERE A="" &A42& "" AND D = '3'"", 0), ""n/a"")"),"n/a") -> n/a
A43: 42 | B43: =IFERROR(__xludf.DUMMYFUNCTION("IFERROR(QUERY(Bo3data, ""SELECT C, M, N, O, P, Q, R, E WHERE A="" &A43& "" AND F = 'yes'"", 0), """")"),"") | J43: =IFERROR(__xludf.DUMMYFUNCTION("IFERROR(LEFT(QUERY(Bo3data, ""SELECT E WHERE A="" &A43& "" AND D = '1'"", 0),1) & IFERROR("" "" & LEFT(QUERY(Bo3data, ""SELECT E WHERE A="" &A43& "" AND D = '2'"", 0),1), """") & IFERROR("" "" & LEFT(QUERY(Bo3data, ""SELECT E WHERE A="" &A43& "" AND D = '"&"3'"", 0),1), """"), """")"),"") | K43: =IFERROR(__xludf.DUMMYFUNCTION("IFERROR(QUERY(Bo3data, ""SELECT AG WHERE A="" &A43& "" AND D = '1'"", 0), ""n/a"")"),"n/a") -> n/a | L43: =IFERROR(__xludf.DUMMYFUNCTION("IFERROR(QUERY(Bo3data, ""SELECT AG WHERE A="" &A43& "" AND D = '2'"", 0), ""n/a"")"),"n/a") -> n/a | M43: =IFERROR(__xludf.DUMMYFUNCTION("IFERROR(QUERY(Bo3data, ""SELECT AG WHERE A="" &A43& "" AND D = '3'"", 0), ""n/a"")"),"n/a") -> n/a
A44: 43 | B44: =IFERROR(__xludf.DUMMYFUNCTION("IFERROR(QUERY(Bo3data, ""SELECT C, M, N, O, P, Q, R, E WHERE A="" &A44& "" AND F = 'yes'"", 0), """")"),"") | J44: =IFERROR(__xludf.DUMMYFUNCTION("IFERROR(LEFT(QUERY(Bo3data, ""SELECT E WHERE A="" &A44& "" AND D = '1'"", 0),1) & IFERROR("" "" & LEFT(QUERY(Bo3data, ""SELECT E WHERE A="" &A44& "" AND D = '2'"", 0),1), """") & IFERROR("" "" & LEFT(QUERY(Bo3data, ""SELECT E WHERE A="" &A44& "" AND D = '"&"3'"", 0),1), """"), """")"),"") | K44: =IFERROR(__xludf.DUMMYFUNCTION("IFERROR(QUERY(Bo3data, ""SELECT AG WHERE A="" &A44& "" AND D = '1'"", 0), ""n/a"")"),"n/a") -> n/a | L44: =IFERROR(__xludf.DUMMYFUNCTION("IFERROR(QUERY(Bo3data, ""SELECT AG WHERE A="" &A44& "" AND D = '2'"", 0), ""n/a"")"),"n/a") -> n/a | M44: =IFERROR(__xludf.DUMMYFUNCTION("IFERROR(QUERY(Bo3data, ""SELECT AG WHERE A="" &A44& "" AND D = '3'"", 0), ""n/a"")"),"n/a") -> n/a
A45: 44 | B45: =IFERROR(__xludf.DUMMYFUNCTION("IFERROR(QUERY(Bo3data, ""SELECT C, M, N, O, P, Q, R, E WHERE A="" &A45& "" AND F = 'yes'"", 0), """")"),"") | J45: =IFERROR(__xludf.DUMMYFUNCTION("IFERROR(LEFT(QUERY(Bo3data, ""SELECT E WHERE A="" &A45& "" AND D = '1'"", 0),1) & IFERROR("" "" & LEFT(QUERY(Bo3data, ""SELECT E WHERE A="" &A45& "" AND D = '2'"", 0),1), """") & IFERROR("" "" & LEFT(QUERY(Bo3data, ""SELECT E WHERE A="" &A45& "" AND D = '"&"3'"", 0),1), """"), """")"),"") | K45: =IFERROR(__xludf.DUMMYFUNCTION("IFERROR(QUERY(Bo3data, ""SELECT AG WHERE A="" &A45& "" AND D = '1'"", 0), ""n/a"")"),"n/a") -> n/a | L45: =IFERROR(__xludf.DUMMYFUNCTION("IFERROR(QUERY(Bo3data, ""SELECT AG WHERE A="" &A45& "" AND D = '2'"", 0), ""n/a"")"),"n/a") -> n/a | M45: =IFERROR(__xludf.DUMMYFUNCTION("IFERROR(QUERY(Bo3data, ""SELECT AG WHERE A="" &A45& "" AND D = '3'"", 0), ""n/a"")"),"n/a") -> n/a
A46: 45 | B46: =IFERROR(__xludf.DUMMYFUNCTION("IFERROR(QUERY(Bo3data, ""SELECT C, M, N, O, P, Q, R, E WHERE A="" &A46& "" AND F = 'yes'"", 0), """")"),"") | J46: =IFERROR(__xludf.DUMMYFUNCTION("IFERROR(LEFT(QUERY(Bo3data, ""SELECT E WHERE A="" &A46& "" AND D = '1'"", 0),1) & IFERROR("" "" & LEFT(QUERY(Bo3data, ""SELECT E WHERE A="" &A46& "" AND D = '2'"", 0),1), """") & IFERROR("" "" & LEFT(QUERY(Bo3data, ""SELECT E WHERE A="" &A46& "" AND D = '"&"3'"", 0),1), """"), """")"),"") | K46: =IFERROR(__xludf.DUMMYFUNCTION("IFERROR(QUERY(Bo3data, ""SELECT AG WHERE A="" &A46& "" AND D = '1'"", 0), ""n/a"")"),"n/a") -> n/a | L46: =IFERROR(__xludf.DUMMYFUNCTION("IFERROR(QUERY(Bo3data, ""SELECT AG WHERE A="" &A46& "" AND D = '2'"", 0), ""n/a"")"),"n/a") -> n/a | M46: =IFERROR(__xludf.DUMMYFUNCTION("IFERROR(QUERY(Bo3data, ""SELECT AG WHERE A="" &A46& "" AND D = '3'"", 0), ""n/a"")"),"n/a") -> n/a
A47: 46 | B47: =IFERROR(__xludf.DUMMYFUNCTION("IFERROR(QUERY(Bo3data, ""SELECT C, M, N, O, P, Q, R, E WHERE A="" &A47& "" AND F = 'yes'"", 0), """")"),"") | J47: =IFERROR(__xludf.DUMMYFUNCTION("IFERROR(LEFT(QUERY(Bo3data, ""SELECT E WHERE A="" &A47& "" AND D = '1'"", 0),1) & IFERROR("" "" & LEFT(QUERY(Bo3data, ""SELECT E WHERE A="" &A47& "" AND D = '2'"", 0),1), """") & IFERROR("" "" & LEFT(QUERY(Bo3data, ""SELECT E WHERE A="" &A47& "" AND D = '"&"3'"", 0),1), """"), """")"),"") | K47: =IFERROR(__xludf.DUMMYFUNCTION("IFERROR(QUERY(Bo3data, ""SELECT AG WHERE A="" &A47& "" AND D = '1'"", 0), ""n/a"")"),"n/a") -> n/a | L47: =IFERROR(__xludf.DUMMYFUNCTION("IFERROR(QUERY(Bo3data, ""SELECT AG WHERE A="" &A47& "" AND D = '2'"", 0), ""n/a"")"),"n/a") -> n/a | M47: =IFERROR(__xludf.DUMMYFUNCTION("IFERROR(QUERY(Bo3data, ""SELECT AG WHERE A="" &A47& "" AND D = '3'"", 0), ""n/a"")"),"n/a") -> n/a
A48: 47 | B48: =IFERROR(__xludf.DUMMYFUNCTION("IFERROR(QUERY(Bo3data, ""SELECT C, M, N, O, P, Q, R, E WHERE A="" &A48& "" AND F = 'yes'"", 0), """")"),"") | J48: =IFERROR(__xludf.DUMMYFUNCTION("IFERROR(LEFT(QUERY(Bo3data, ""SELECT E WHERE A="" &A48& "" AND D = '1'"", 0),1) & IFERROR("" "" & LEFT(QUERY(Bo3data, ""SELECT E WHERE A="" &A48& "" AND D = '2'"", 0),1), """") & IFERROR("" "" & LEFT(QUERY(Bo3data, ""SELECT E WHERE A="" &A48& "" AND D = '"&"3'"", 0),1), """"), """")"),"") | K48: =IFERROR(__xludf.DUMMYFUNCTION("IFERROR(QUERY(Bo3data, ""SELECT AG WHERE A="" &A48& "" AND D = '1'"", 0), ""n/a"")"),"n/a") -> n/a | L48: =IFERROR(__xludf.DUMMYFUNCTION("IFERROR(QUERY(Bo3data, ""SELECT AG WHERE A="" &A48& "" AND D = '2'"", 0), ""n/a"")"),"n/a") -> n/a | M48: =IFERROR(__xludf.DUMMYFUNCTION("IFERROR(QUERY(Bo3data, ""SELECT AG WHERE A="" &A48& "" AND D = '3'"", 0), ""n/a"")"),"n/a") -> n/a
A49: 48 | B49: =IFERROR(__xludf.DUMMYFUNCTION("IFERROR(QUERY(Bo3data, ""SELECT C, M, N, O, P, Q, R, E WHERE A="" &A49& "" AND F = 'yes'"", 0), """")"),"") | J49: =IFERROR(__xludf.DUMMYFUNCTION("IFERROR(LEFT(QUERY(Bo3data, ""SELECT E WHERE A="" &A49& "" AND D = '1'"", 0),1) & IFERROR("" "" & LEFT(QUERY(Bo3data, ""SELECT E WHERE A="" &A49& "" AND D = '2'"", 0),1), """") & IFERROR("" "" & LEFT(QUERY(Bo3data, ""SELECT E WHERE A="" &A49& "" AND D = '"&"3'"", 0),1), """"), """")"),"") | K49: =IFERROR(__xludf.DUMMYFUNCTION("IFERROR(QUERY(Bo3data, ""SELECT AG WHERE A="" &A49& "" AND D = '1'"", 0), ""n/a"")"),"n/a") -> n/a | L49: =IFERROR(__xludf.DUMMYFUNCTION("IFERROR(QUERY(Bo3data, ""SELECT AG WHERE A="" &A49& "" AND D = '2'"", 0), ""n/a"")"),"n/a") -> n/a | M49: =IFERROR(__xludf.DUMMYFUNCTION("IFERROR(QUERY(Bo3data, ""SELECT AG WHERE A="" &A49& "" AND D = '3'"", 0), ""n/a"")"),"n/a") -> n/a
A50: 49 | B50: =IFERROR(__xludf.DUMMYFUNCTION("IFERROR(QUERY(Bo3data, ""SELECT C, M, N, O, P, Q, R, E WHERE A="" &A50& "" AND F = 'yes'"", 0), """")"),"") | J50: =IFERROR(__xludf.DUMMYFUNCTION("IFERROR(LEFT(QUERY(Bo3data, ""SELECT E WHERE A="" &A50& "" AND D = '1'"", 0),1) & IFERROR("" "" & LEFT(QUERY(Bo3data, ""SELECT E WHERE A="" &A50& "" AND D = '2'"", 0),1), """") & IFERROR("" "" & LEFT(QUERY(Bo3data, ""SELECT E WHERE A="" &A50& "" AND D = '"&"3'"", 0),1), """"), """")"),"") | K50: =IFERROR(__xludf.DUMMYFUNCTION("IFERROR(QUERY(Bo3data, ""SELECT AG WHERE A="" &A50& "" AND D = '1'"", 0), ""n/a"")"),"n/a") -> n/a | L50: =IFERROR(__xludf.DUMMYFUNCTION("IFERROR(QUERY(Bo3data, ""SELECT AG WHERE A="" &A50& "" AND D = '2'"", 0), ""n/a"")"),"n/a") -> n/a | M50: =IFERROR(__xludf.DUMMYFUNCTION("IFERROR(QUERY(Bo3data, ""SELECT AG WHERE A="" &A50& "" AND D = '3'"", 0), ""n/a"")"),"n/a") -> n/a
A51: 50 | B51: =IFERROR(__xludf.DUMMYFUNCTION("IFERROR(QUERY(Bo3data, ""SELECT C, M, N, O, P, Q, R, E WHERE A="" &A51& "" AND F = 'yes'"", 0), """")"),"") | J51: =IFERROR(__xludf.DUMMYFUNCTION("IFERROR(LEFT(QUERY(Bo3data, ""SELECT E WHERE A="" &A51& "" AND D = '1'"", 0),1) & IFERROR("" "" & LEFT(QUERY(Bo3data, ""SELECT E WHERE A="" &A51& "" AND D = '2'"", 0),1), """") & IFERROR("" "" & LEFT(QUERY(Bo3data, ""SELECT E WHERE A="" &A51& "" AND D = '"&"3'"", 0),1), """"), """")"),"") | K51: =IFERROR(__xludf.DUMMYFUNCTION("IFERROR(QUERY(Bo3data, ""SELECT AG WHERE A="" &A51& "" AND D = '1'"", 0), ""n/a"")"),"n/a") -> n/a | L51: =IFERROR(__xludf.DUMMYFUNCTION("IFERROR(QUERY(Bo3data, ""SELECT AG WHERE A="" &A51& "" AND D = '2'"", 0), ""n/a"")"),"n/a") -> n/a | M51: =IFERROR(__xludf.DUMMYFUNCTION("IFERROR(QUERY(Bo3data, ""SELECT AG WHERE A="" &A51& "" AND D = '3'"", 0), ""n/a"")"),"n/a") -> n/a
A52: 51 | B52: =IFERROR(__xludf.DUMMYFUNCTION("IFERROR(QUERY(Bo3data, ""SELECT C, M, N, O, P, Q, R, E WHERE A="" &A52& "" AND F = 'yes'"", 0), """")"),"") | J52: =IFERROR(__xludf.DUMMYFUNCTION("IFERROR(LEFT(QUERY(Bo3data, ""SELECT E WHERE A="" &A52& "" AND D = '1'"", 0),1) & IFERROR("" "" & LEFT(QUERY(Bo3data, ""SELECT E WHERE A="" &A52& "" AND D = '2'"", 0),1), """") & IFERROR("" "" & LEFT(QUERY(Bo3data, ""SELECT E WHERE A="" &A52& "" AND D = '"&"3'"", 0),1), """"), """")"),"") | K52: =IFERROR(__xludf.DUMMYFUNCTION("IFERROR(QUERY(Bo3data, ""SELECT AG WHERE A="" &A52& "" AND D = '1'"", 0), ""n/a"")"),"n/a") -> n/a | L52: =IFERROR(__xludf.DUMMYFUNCTION("IFERROR(QUERY(Bo3data, ""SELECT AG WHERE A="" &A52& "" AND D = '2'"", 0), ""n/a"")"),"n/a") -> n/a | M52: =IFERROR(__xludf.DUMMYFUNCTION("IFERROR(QUERY(Bo3data, ""SELECT AG WHERE A="" &A52& "" AND D = '3'"", 0), ""n/a"")"),"n/a") -> n/a
A53: 52 | B53: =IFERROR(__xludf.DUMMYFUNCTION("IFERROR(QUERY(Bo3data, ""SELECT C, M, N, O, P, Q, R, E WHERE A="" &A53& "" AND F = 'yes'"", 0), """")"),"") | J53: =IFERROR(__xludf.DUMMYFUNCTION("IFERROR(LEFT(QUERY(Bo3data, ""SELECT E WHERE A="" &A53& "" AND D = '1'"", 0),1) & IFERROR("" "" & LEFT(QUERY(Bo3data, ""SELECT E WHERE A="" &A53& "" AND D = '2'"", 0),1), """") & IFERROR("" "" & LEFT(QUERY(Bo3data, ""SELECT E WHERE A="" &A53& "" AND D = '"&"3'"", 0),1), """"), """")"),"") | K53: =IFERROR(__xludf.DUMMYFUNCTION("IFERROR(QUERY(Bo3data, ""SELECT AG WHERE A="" &A53& "" AND D = '1'"", 0), ""n/a"")"),"n/a") -> n/a | L53: =IFERROR(__xludf.DUMMYFUNCTION("IFERROR(QUERY(Bo3data, ""SELECT AG WHERE A="" &A53& "" AND D = '2'"", 0), ""n/a"")"),"n/a") -> n/a | M53: =IFERROR(__xludf.DUMMYFUNCTION("IFERROR(QUERY(Bo3data, ""SELECT AG WHERE A="" &A53& "" AND D = '3'"", 0), ""n/a"")"),"n/a") -> n/a
A54: 53 | B54: =IFERROR(__xludf.DUMMYFUNCTION("IFERROR(QUERY(Bo3data, ""SELECT C, M, N, O, P, Q, R, E WHERE A="" &A54& "" AND F = 'yes'"", 0), """")"),"") | J54: =IFERROR(__xludf.DUMMYFUNCTION("IFERROR(LEFT(QUERY(Bo3data, ""SELECT E WHERE A="" &A54& "" AND D = '1'"", 0),1) & IFERROR("" "" & LEFT(QUERY(Bo3data, ""SELECT E WHERE A="" &A54& "" AND D = '2'"", 0),1), """") & IFERROR("" "" & LEFT(QUERY(Bo3data, ""SELECT E WHERE A="" &A54& "" AND D = '"&"3'"", 0),1), """"), """")"),"") | K54: =IFERROR(__xludf.DUMMYFUNCTION("IFERROR(QUERY(Bo3data, ""SELECT AG WHERE A="" &A54& "" AND D = '1'"", 0), ""n/a"")"),"n/a") -> n/a | L54: =IFERROR(__xludf.DUMMYFUNCTION("IFERROR(QUERY(Bo3data, ""SELECT AG WHERE A="" &A54& "" AND D = '2'"", 0), ""n/a"")"),"n/a") -> n/a | M54: =IFERROR(__xludf.DUMMYFUNCTION("IFERROR(QUERY(Bo3data, ""SELECT AG WHERE A="" &A54& "" AND D = '3'"", 0), ""n/a"")"),"n/a") -> n/a
A55: 54 | B55: =IFERROR(__xludf.DUMMYFUNCTION("IFERROR(QUERY(Bo3data, ""SELECT C, M, N, O, P, Q, R, E WHERE A="" &A55& "" AND F = 'yes'"", 0), """")"),"") | J55: =IFERROR(__xludf.DUMMYFUNCTION("IFERROR(LEFT(QUERY(Bo3data, ""SELECT E WHERE A="" &A55& "" AND D = '1'"", 0),1) & IFERROR("" "" & LEFT(QUERY(Bo3data, ""SELECT E WHERE A="" &A55& "" AND D = '2'"", 0),1), """") & IFERROR("" "" & LEFT(QUERY(Bo3data, ""SELECT E WHERE A="" &A55& "" AND D = '"&"3'"", 0),1), """"), """")"),"") | K55: =IFERROR(__xludf.DUMMYFUNCTION("IFERROR(QUERY(Bo3data, ""SELECT AG WHERE A="" &A55& "" AND D = '1'"", 0), ""n/a"")"),"n/a") -> n/a | L55: =IFERROR(__xludf.DUMMYFUNCTION("IFERROR(QUERY(Bo3data, ""SELECT AG WHERE A="" &A55& "" AND D = '2'"", 0), ""n/a"")"),"n/a") -> n/a | M55: =IFERROR(__xludf.DUMMYFUNCTION("IFERROR(QUERY(Bo3data, ""SELECT AG WHERE A="" &A55& "" AND D = '3'"", 0), ""n/a"")"),"n/a") -> n/a
A56: 55 | B56: =IFERROR(__xludf.DUMMYFUNCTION("IFERROR(QUERY(Bo3data, ""SELECT C, M, N, O, P, Q, R, E WHERE A="" &A56& "" AND F = 'yes'"", 0), """")"),"") | J56: =IFERROR(__xludf.DUMMYFUNCTION("IFERROR(LEFT(QUERY(Bo3data, ""SELECT E WHERE A="" &A56& "" AND D = '1'"", 0),1) & IFERROR("" "" & LEFT(QUERY(Bo3data, ""SELECT E WHERE A="" &A56& "" AND D = '2'"", 0),1), """") & IFERROR("" "" & LEFT(QUERY(Bo3data, ""SELECT E WHERE A="" &A56& "" AND D = '"&"3'"", 0),1), """"), """")"),"") | K56: =IFERROR(__xludf.DUMMYFUNCTION("IFERROR(QUERY(Bo3data, ""SELECT AG WHERE A="" &A56& "" AND D = '1'"", 0), ""n/a"")"),"n/a") -> n/a | L56: =IFERROR(__xludf.DUMMYFUNCTION("IFERROR(QUERY(Bo3data, ""SELECT AG WHERE A="" &A56& "" AND D = '2'"", 0), ""n/a"")"),"n/a") -> n/a | M56: =IFERROR(__xludf.DUMMYFUNCTION("IFERROR(QUERY(Bo3data, ""SELECT AG WHERE A="" &A56& "" AND D = '3'"", 0), ""n/a"")"),"n/a") -> n/a
A57: 56 | B57: =IFERROR(__xludf.DUMMYFUNCTION("IFERROR(QUERY(Bo3data, ""SELECT C, M, N, O, P, Q, R, E WHERE A="" &A57& "" AND F = 'yes'"", 0), """")"),"") | J57: =IFERROR(__xludf.DUMMYFUNCTION("IFERROR(LEFT(QUERY(Bo3data, ""SELECT E WHERE A="" &A57& "" AND D = '1'"", 0),1) & IFERROR("" "" & LEFT(QUERY(Bo3data, ""SELECT E WHERE A="" &A57& "" AND D = '2'"", 0),1), """") & IFERROR("" "" & LEFT(QUERY(Bo3data, ""SELECT E WHERE A="" &A57& "" AND D = '"&"3'"", 0),1), """"), """")"),"") | K57: =IFERROR(__xludf.DUMMYFUNCTION("IFERROR(QUERY(Bo3data, ""SELECT AG WHERE A="" &A57& "" AND D = '1'"", 0), ""n/a"")"),"n/a") -> n/a | L57: =IFERROR(__xludf.DUMMYFUNCTION("IFERROR(QUERY(Bo3data, ""SELECT AG WHERE A="" &A57& "" AND D = '2'"", 0), ""n/a"")"),"n/a") -> n/a | M57: =IFERROR(__xludf.DUMMYFUNCTION("IFERROR(QUERY(Bo3data, ""SELECT AG WHERE A="" &A57& "" AND D = '3'"", 0), ""n/a"")"),"n/a") -> n/a
A58: 57 | B58: =IFERROR(__xludf.DUMMYFUNCTION("IFERROR(QUERY(Bo3data, ""SELECT C, M, N, O, P, Q, R, E WHERE A="" &A58& "" AND F = 'yes'"", 0), """")"),"") | J58: =IFERROR(__xludf.DUMMYFUNCTION("IFERROR(LEFT(QUERY(Bo3data, ""SELECT E WHERE A="" &A58& "" AND D = '1'"", 0),1) & IFERROR("" "" & LEFT(QUERY(Bo3data, ""SELECT E WHERE A="" &A58& "" AND D = '2'"", 0),1), """") & IFERROR("" "" & LEFT(QUERY(Bo3data, ""SELECT E WHERE A="" &A58& "" AND D = '"&"3'"", 0),1), """"), """")"),"") | K58: =IFERROR(__xludf.DUMMYFUNCTION("IFERROR(QUERY(Bo3data, ""SELECT AG WHERE A="" &A58& "" AND D = '1'"", 0), ""n/a"")"),"n/a") -> n/a | L58: =IFERROR(__xludf.DUMMYFUNCTION("IFERROR(QUERY(Bo3data, ""SELECT AG WHERE A="" &A58& "" AND D = '2'"", 0), ""n/a"")"),"n/a") -> n/a | M58: =IFERROR(__xludf.DUMMYFUNCTION("IFERROR(QUERY(Bo3data, ""SELECT AG WHERE A="" &A58& "" AND D = '3'"", 0), ""n/a"")"),"n/a") -> n/a
A59: 58 | B59: =IFERROR(__xludf.DUMMYFUNCTION("IFERROR(QUERY(Bo3data, ""SELECT C, M, N, O, P, Q, R, E WHERE A="" &A59& "" AND F = 'yes'"", 0), """")"),"") | J59: =IFERROR(__xludf.DUMMYFUNCTION("IFERROR(LEFT(QUERY(Bo3data, ""SELECT E WHERE A="" &A59& "" AND D = '1'"", 0),1) & IFERROR("" "" & LEFT(QUERY(Bo3data, ""SELECT E WHERE A="" &A59& "" AND D = '2'"", 0),1), """") & IFERROR("" "" & LEFT(QUERY(Bo3data, ""SELECT E WHERE A="" &A59& "" AND D = '"&"3'"", 0),1), """"), """")"),"") | K59: =IFERROR(__xludf.DUMMYFUNCTION("IFERROR(QUERY(Bo3data, ""SELECT AG WHERE A="" &A59& "" AND D = '1'"", 0), ""n/a"")"),"n/a") -> n/a | L59: =IFERROR(__xludf.DUMMYFUNCTION("IFERROR(QUERY(Bo3data, ""SELECT AG WHERE A="" &A59& "" AND D = '2'"", 0), ""n/a"")"),"n/a") -> n/a | M59: =IFERROR(__xludf.DUMMYFUNCTION("IFERROR(QUERY(Bo3data, ""SELECT AG WHERE A="" &A59& "" AND D = '3'"", 0), ""n/a"")"),"n/a") -> n/a
A60: 59 | B60: =IFERROR(__xludf.DUMMYFUNCTION("IFERROR(QUERY(Bo3data, ""SELECT C, M, N, O, P, Q, R, E WHERE A="" &A60& "" AND F = 'yes'"", 0), """")"),"") | J60: =IFERROR(__xludf.DUMMYFUNCTION("IFERROR(LEFT(QUERY(Bo3data, ""SELECT E WHERE A="" &A60& "" AND D = '1'"", 0),1) & IFERROR("" "" & LEFT(QUERY(Bo3data, ""SELECT E WHERE A="" &A60& "" AND D = '2'"", 0),1), """") & IFERROR("" "" & LEFT(QUERY(Bo3data, ""SELECT E WHERE A="" &A60& "" AND D = '"&"3'"", 0),1), """"), """")"),"") | K60: =IFERROR(__xludf.DUMMYFUNCTION("IFERROR(QUERY(Bo3data, ""SELECT AG WHERE A="" &A60& "" AND D = '1'"", 0), ""n/a"")"),"n/a") -> n/a | L60: =IFERROR(__xludf.DUMMYFUNCTION("IFERROR(QUERY(Bo3data, ""SELECT AG WHERE A="" &A60& "" AND D = '2'"", 0), ""n/a"")"),"n/a") -> n/a | M60: =IFERROR(__xludf.DUMMYFUNCTION("IFERROR(QUERY(Bo3data, ""SELECT AG WHERE A="" &A60& "" AND D = '3'"", 0), ""n/a"")"),"n/a") -> n/a
A61: 60 | B61: =IFERROR(__xludf.DUMMYFUNCTION("IFERROR(QUERY(Bo3data, ""SELECT C, M, N, O, P, Q, R, E WHERE A="" &A61& "" AND F = 'yes'"", 0), """")"),"") | J61: =IFERROR(__xludf.DUMMYFUNCTION("IFERROR(LEFT(QUERY(Bo3data, ""SELECT E WHERE A="" &A61& "" AND D = '1'"", 0),1) & IFERROR("" "" & LEFT(QUERY(Bo3data, ""SELECT E WHERE A="" &A61& "" AND D = '2'"", 0),1), """") & IFERROR("" "" & LEFT(QUERY(Bo3data, ""SELECT E WHERE A="" &A61& "" AND D = '"&"3'"", 0),1), """"), """")"),"") | K61: =IFERROR(__xludf.DUMMYFUNCTION("IFERROR(QUERY(Bo3data, ""SELECT AG WHERE A="" &A61& "" AND D = '1'"", 0), ""n/a"")"),"n/a") -> n/a | L61: =IFERROR(__xludf.DUMMYFUNCTION("IFERROR(QUERY(Bo3data, ""SELECT AG WHERE A="" &A61& "" AND D = '2'"", 0), ""n/a"")"),"n/a") -> n/a | M61: =IFERROR(__xludf.DUMMYFUNCTION("IFERROR(QUERY(Bo3data, ""SELECT AG WHERE A="" &A61& "" AND D = '3'"", 0), ""n/a"")"),"n/a") -> n/a
A62: 61 | B62: =IFERROR(__xludf.DUMMYFUNCTION("IFERROR(QUERY(Bo3data, ""SELECT C, M, N, O, P, Q, R, E WHERE A="" &A62& "" AND F = 'yes'"", 0), """")"),"") | J62: =IFERROR(__xludf.DUMMYFUNCTION("IFERROR(LEFT(QUERY(Bo3data, ""SELECT E WHERE A="" &A62& "" AND D = '1'"", 0),1) & IFERROR("" "" & LEFT(QUERY(Bo3data, ""SELECT E WHERE A="" &A62& "" AND D = '2'"", 0),1), """") & IFERROR("" "" & LEFT(QUERY(Bo3data, ""SELECT E WHERE A="" &A62& "" AND D = '"&"3'"", 0),1), """"), """")"),"") | K62: =IFERROR(__xludf.DUMMYFUNCTION("IFERROR(QUERY(Bo3data, ""SELECT AG WHERE A="" &A62& "" AND D = '1'"", 0), ""n/a"")"),"n/a") -> n/a | L62: =IFERROR(__xludf.DUMMYFUNCTION("IFERROR(QUERY(Bo3data, ""SELECT AG WHERE A="" &A62& "" AND D = '2'"", 0), ""n/a"")"),"n/a") -> n/a | M62: =IFERROR(__xludf.DUMMYFUNCTION("IFERROR(QUERY(Bo3data, ""SELECT AG WHERE A="" &A62& "" AND D = '3'"", 0), ""n/a"")"),"n/a") -> n/a
A63: 62 | B63: =IFERROR(__xludf.DUMMYFUNCTION("IFERROR(QUERY(Bo3data, ""SELECT C, M, N, O, P, Q, R, E WHERE A="" &A63& "" AND F = 'yes'"", 0), """")"),"") | J63: =IFERROR(__xludf.DUMMYFUNCTION("IFERROR(LEFT(QUERY(Bo3data, ""SELECT E WHERE A="" &A63& "" AND D = '1'"", 0),1) & IFERROR("" "" & LEFT(QUERY(Bo3data, ""SELECT E WHERE A="" &A63& "" AND D = '2'"", 0),1), """") & IFERROR("" "" & LEFT(QUERY(Bo3data, ""SELECT E WHERE A="" &A63& "" AND D = '"&"3'"", 0),1), """"), """")"),"") | K63: =IFERROR(__xludf.DUMMYFUNCTION("IFERROR(QUERY(Bo3data, ""SELECT AG WHERE A="" &A63& "" AND D = '1'"", 0), ""n/a"")"),"n/a") -> n/a | L63: =IFERROR(__xludf.DUMMYFUNCTION("IFERROR(QUERY(Bo3data, ""SELECT AG WHERE A="" &A63& "" AND D = '2'"", 0), ""n/a"")"),"n/a") -> n/a | M63: =IFERROR(__xludf.DUMMYFUNCTION("IFERROR(QUERY(Bo3data, ""SELECT AG WHERE A="" &A63& "" AND D = '3'"", 0), ""n/a"")"),"n/a") -> n/a
A64: 63 | B64: =IFERROR(__xludf.DUMMYFUNCTION("IFERROR(QUERY(Bo3data, ""SELECT C, M, N, O, P, Q, R, E WHERE A="" &A64& "" AND F = 'yes'"", 0), """")"),"") | J64: =IFERROR(__xludf.DUMMYFUNCTION("IFERROR(LEFT(QUERY(Bo3data, ""SELECT E WHERE A="" &A64& "" AND D = '1'"", 0),1) & IFERROR("" "" & LEFT(QUERY(Bo3data, ""SELECT E WHERE A="" &A64& "" AND D = '2'"", 0),1), """") & IFERROR("" "" & LEFT(QUERY(Bo3data, ""SELECT E WHERE A="" &A64& "" AND D = '"&"3'"", 0),1), """"), """")"),"") | K64: =IFERROR(__xludf.DUMMYFUNCTION("IFERROR(QUERY(Bo3data, ""SELECT AG WHERE A="" &A64& "" AND D = '1'"", 0), ""n/a"")"),"n/a") -> n/a | L64: =IFERROR(__xludf.DUMMYFUNCTION("IFERROR(QUERY(Bo3data, ""SELECT AG WHERE A="" &A64& "" AND D = '2'"", 0), ""n/a"")"),"n/a") -> n/a | M64: =IFERROR(__xludf.DUMMYFUNCTION("IFERROR(QUERY(Bo3data, ""SELECT AG WHERE A="" &A64& "" AND D = '3'"", 0), ""n/a"")"),"n/a") -> n/a
A65: 64 | B65: =IFERROR(__xludf.DUMMYFUNCTION("IFERROR(QUERY(Bo3data, ""SELECT C, M, N, O, P, Q, R, E WHERE A="" &A65& "" AND F = 'yes'"", 0), """")"),"") | J65: =IFERROR(__xludf.DUMMYFUNCTION("IFERROR(LEFT(QUERY(Bo3data, ""SELECT E WHERE A="" &A65& "" AND D = '1'"", 0),1) & IFERROR("" "" & LEFT(QUERY(Bo3data, ""SELECT E WHERE A="" &A65& "" AND D = '2'"", 0),1), """") & IFERROR("" "" & LEFT(QUERY(Bo3data, ""SELECT E WHERE A="" &A65& "" AND D = '"&"3'"", 0),1), """"), """")"),"") | K65: =IFERROR(__xludf.DUMMYFUNCTION("IFERROR(QUERY(Bo3data, ""SELECT AG WHERE A="" &A65& "" AND D = '1'"", 0), ""n/a"")"),"n/a") -> n/a | L65: =IFERROR(__xludf.DUMMYFUNCTION("IFERROR(QUERY(Bo3data, ""SELECT AG WHERE A="" &A65& "" AND D = '2'"", 0), ""n/a"")"),"n/a") -> n/a | M65: =IFERROR(__xludf.DUMMYFUNCTION("IFERROR(QUERY(Bo3data, ""SELECT AG WHERE A="" &A65& "" AND D = '3'"", 0), ""n/a"")"),"n/a") -> n/a
A66: 65 | B66: =IFERROR(__xludf.DUMMYFUNCTION("IFERROR(QUERY(Bo3data, ""SELECT C, M, N, O, P, Q, R, E WHERE A="" &A66& "" AND F = 'yes'"", 0), """")"),"") | J66: =IFERROR(__xludf.DUMMYFUNCTION("IFERROR(LEFT(QUERY(Bo3data, ""SELECT E WHERE A="" &A66& "" AND D = '1'"", 0),1) & IFERROR("" "" & LEFT(QUERY(Bo3data, ""SELECT E WHERE A="" &A66& "" AND D = '2'"", 0),1), """") & IFERROR("" "" & LEFT(QUERY(Bo3data, ""SELECT E WHERE A="" &A66& "" AND D = '"&"3'"", 0),1), """"), """")"),"") | K66: =IFERROR(__xludf.DUMMYFUNCTION("IFERROR(QUERY(Bo3data, ""SELECT AG WHERE A="" &A66& "" AND D = '1'"", 0), ""n/a"")"),"n/a") -> n/a | L66: =IFERROR(__xludf.DUMMYFUNCTION("IFERROR(QUERY(Bo3data, ""SELECT AG WHERE A="" &A66& "" AND D = '2'"", 0), ""n/a"")"),"n/a") -> n/a | M66: =IFERROR(__xludf.DUMMYFUNCTION("IFERROR(QUERY(Bo3data, ""SELECT AG WHERE A="" &A66& "" AND D = '3'"", 0), ""n/a"")"),"n/a") -> n/a
A67: 66 | B67: =IFERROR(__xludf.DUMMYFUNCTION("IFERROR(QUERY(Bo3data, ""SELECT C, M, N, O, P, Q, R, E WHERE A="" &A67& "" AND F = 'yes'"", 0), """")"),"") | J67: =IFERROR(__xludf.DUMMYFUNCTION("IFERROR(LEFT(QUERY(Bo3data, ""SELECT E WHERE A="" &A67& "" AND D = '1'"", 0),1) & IFERROR("" "" & LEFT(QUERY(Bo3data, ""SELECT E WHERE A="" &A67& "" AND D = '2'"", 0),1), """") & IFERROR("" "" & LEFT(QUERY(Bo3data, ""SELECT E WHERE A="" &A67& "" AND D = '"&"3'"", 0),1), """"), """")"),"") | K67: =IFERROR(__xludf.DUMMYFUNCTION("IFERROR(QUERY(Bo3data, ""SELECT AG WHERE A="" &A67& "" AND D = '1'"", 0), ""n/a"")"),"n/a") -> n/a | L67: =IFERROR(__xludf.DUMMYFUNCTION("IFERROR(QUERY(Bo3data, ""SELECT AG WHERE A="" &A67& "" AND D = '2'"", 0), ""n/a"")"),"n/a") -> n/a | M67: =IFERROR(__xludf.DUMMYFUNCTION("IFERROR(QUERY(Bo3data, ""SELECT AG WHERE A="" &A67& "" AND D = '3'"", 0), ""n/a"")"),"n/a") -> n/a
A68: 67 | B68: =IFERROR(__xludf.DUMMYFUNCTION("IFERROR(QUERY(Bo3data, ""SELECT C, M, N, O, P, Q, R, E WHERE A="" &A68& "" AND F = 'yes'"", 0), """")"),"") | J68: =IFERROR(__xludf.DUMMYFUNCTION("IFERROR(LEFT(QUERY(Bo3data, ""SELECT E WHERE A="" &A68& "" AND D = '1'"", 0),1) & IFERROR("" "" & LEFT(QUERY(Bo3data, ""SELECT E WHERE A="" &A68& "" AND D = '2'"", 0),1), """") & IFERROR("" "" & LEFT(QUERY(Bo3data, ""SELECT E WHERE A="" &A68& "" AND D = '"&"3'"", 0),1), """"), """")"),"") | K68: =IFERROR(__xludf.DUMMYFUNCTION("IFERROR(QUERY(Bo3data, ""SELECT AG WHERE A="" &A68& "" AND D = '1'"", 0), ""n/a"")"),"n/a") -> n/a | L68: =IFERROR(__xludf.DUMMYFUNCTION("IFERROR(QUERY(Bo3data, ""SELECT AG WHERE A="" &A68& "" AND D = '2'"", 0), ""n/a"")"),"n/a") -> n/a | M68: =IFERROR(__xludf.DUMMYFUNCTION("IFERROR(QUERY(Bo3data, ""SELECT AG WHERE A="" &A68& "" AND D = '3'"", 0), ""n/a"")"),"n/a") -> n/a
A69: 68 | B69: =IFERROR(__xludf.DUMMYFUNCTION("IFERROR(QUERY(Bo3data, ""SELECT C, M, N, O, P, Q, R, E WHERE A="" &A69& "" AND F = 'yes'"", 0), """")"),"") | J69: =IFERROR(__xludf.DUMMYFUNCTION("IFERROR(LEFT(QUERY(Bo3data, ""SELECT E WHERE A="" &A69& "" AND D = '1'"", 0),1) & IFERROR("" "" & LEFT(QUERY(Bo3data, ""SELECT E WHERE A="" &A69& "" AND D = '2'"", 0),1), """") & IFERROR("" "" & LEFT(QUERY(Bo3data, ""SELECT E WHERE A="" &A69& "" AND D = '"&"3'"", 0),1), """"), """")"),"") | K69: =IFERROR(__xludf.DUMMYFUNCTION("IFERROR(QUERY(Bo3data, ""SELECT AG WHERE A="" &A69& "" AND D = '1'"", 0), ""n/a"")"),"n/a") -> n/a | L69: =IFERROR(__xludf.DUMMYFUNCTION("IFERROR(QUERY(Bo3data, ""SELECT AG WHERE A="" &A69& "" AND D = '2'"", 0), ""n/a"")"),"n/a") -> n/a | M69: =IFERROR(__xludf.DUMMYFUNCTION("IFERROR(QUERY(Bo3data, ""SELECT AG WHERE A="" &A69& "" AND D = '3'"", 0), ""n/a"")"),"n/a") -> n/a
A70: 69 | B70: =IFERROR(__xludf.DUMMYFUNCTION("IFERROR(QUERY(Bo3data, ""SELECT C, M, N, O, P, Q, R, E WHERE A="" &A70& "" AND F = 'yes'"", 0), """")"),"") | J70: =IFERROR(__xludf.DUMMYFUNCTION("IFERROR(LEFT(QUERY(Bo3data, ""SELECT E WHERE A="" &A70& "" AND D = '1'"", 0),1) & IFERROR("" "" & LEFT(QUERY(Bo3data, ""SELECT E WHERE A="" &A70& "" AND D = '2'"", 0),1), """") & IFERROR("" "" & LEFT(QUERY(Bo3data, ""SELECT E WHERE A="" &A70& "" AND D = '"&"3'"", 0),1), """"), """")"),"") | K70: =IFERROR(__xludf.DUMMYFUNCTION("IFERROR(QUERY(Bo3data, ""SELECT AG WHERE A="" &A70& "" AND D = '1'"", 0), ""n/a"")"),"n/a") -> n/a | L70: =IFERROR(__xludf.DUMMYFUNCTION("IFERROR(QUERY(Bo3data, ""SELECT AG WHERE A="" &A70& "" AND D = '2'"", 0), ""n/a"")"),"n/a") -> n/a | M70: =IFERROR(__xludf.DUMMYFUNCTION("IFERROR(QUERY(Bo3data, ""SELECT AG WHERE A="" &A70& "" AND D = '3'"", 0), ""n/a"")"),"n/a") -> n/a
A71: 70 | B71: =IFERROR(__xludf.DUMMYFUNCTION("IFERROR(QUERY(Bo3data, ""SELECT C, M, N, O, P, Q, R, E WHERE A="" &A71& "" AND F = 'yes'"", 0), """")"),"") | J71: =IFERROR(__xludf.DUMMYFUNCTION("IFERROR(LEFT(QUERY(Bo3data, ""SELECT E WHERE A="" &A71& "" AND D = '1'"", 0),1) & IFERROR("" "" & LEFT(QUERY(Bo3data, ""SELECT E WHERE A="" &A71& "" AND D = '2'"", 0),1), """") & IFERROR("" "" & LEFT(QUERY(Bo3data, ""SELECT E WHERE A="" &A71& "" AND D = '"&"3'"", 0),1), """"), """")"),"") | K71: =IFERROR(__xludf.DUMMYFUNCTION("IFERROR(QUERY(Bo3data, ""SELECT AG WHERE A="" &A71& "" AND D = '1'"", 0), ""n/a"")"),"n/a") -> n/a | L71: =IFERROR(__xludf.DUMMYFUNCTION("IFERROR(QUERY(Bo3data, ""SELECT AG WHERE A="" &A71& "" AND D = '2'"", 0), ""n/a"")"),"n/a") -> n/a | M71: =IFERROR(__xludf.DUMMYFUNCTION("IFERROR(QUERY(Bo3data, ""SELECT AG WHERE A="" &A71& "" AND D = '3'"", 0), ""n/a"")"),"n/a") -> n/a
A72: 71 | B72: =IFERROR(__xludf.DUMMYFUNCTION("IFERROR(QUERY(Bo3data, ""SELECT C, M, N, O, P, Q, R, E WHERE A="" &A72& "" AND F = 'yes'"", 0), """")"),"") | J72: =IFERROR(__xludf.DUMMYFUNCTION("IFERROR(LEFT(QUERY(Bo3data, ""SELECT E WHERE A="" &A72& "" AND D = '1'"", 0),1) & IFERROR("" "" & LEFT(QUERY(Bo3data, ""SELECT E WHERE A="" &A72& "" AND D = '2'"", 0),1), """") & IFERROR("" "" & LEFT(QUERY(Bo3data, ""SELECT E WHERE A="" &A72& "" AND D = '"&"3'"", 0),1), """"), """")"),"") | K72: =IFERROR(__xludf.DUMMYFUNCTION("IFERROR(QUERY(Bo3data, ""SELECT AG WHERE A="" &A72& "" AND D = '1'"", 0), ""n/a"")"),"n/a") -> n/a | L72: =IFERROR(__xludf.DUMMYFUNCTION("IFERROR(QUERY(Bo3data, ""SELECT AG WHERE A="" &A72& "" AND D = '2'"", 0), ""n/a"")"),"n/a") -> n/a | M72: =IFERROR(__xludf.DUMMYFUNCTION("IFERROR(QUERY(Bo3data, ""SELECT AG WHERE A="" &A72& "" AND D = '3'"", 0), ""n/a"")"),"n/a") -> n/a
A73: 72 | B73: =IFERROR(__xludf.DUMMYFUNCTION("IFERROR(QUERY(Bo3data, ""SELECT C, M, N, O, P, Q, R, E WHERE A="" &A73& "" AND F = 'yes'"", 0), """")"),"") | J73: =IFERROR(__xludf.DUMMYFUNCTION("IFERROR(LEFT(QUERY(Bo3data, ""SELECT E WHERE A="" &A73& "" AND D = '1'"", 0),1) & IFERROR("" "" & LEFT(QUERY(Bo3data, ""SELECT E WHERE A="" &A73& "" AND D = '2'"", 0),1), """") & IFERROR("" "" & LEFT(QUERY(Bo3data, ""SELECT E WHERE A="" &A73& "" AND D = '"&"3'"", 0),1), """"), """")"),"") | K73: =IFERROR(__xludf.DUMMYFUNCTION("IFERROR(QUERY(Bo3data, ""SELECT AG WHERE A="" &A73& "" AND D = '1'"", 0), ""n/a"")"),"n/a") -> n/a | L73: =IFERROR(__xludf.DUMMYFUNCTION("IFERROR(QUERY(Bo3data, ""SELECT AG WHERE A="" &A73& "" AND D = '2'"", 0), ""n/a"")"),"n/a") -> n/a | M73: =IFERROR(__xludf.DUMMYFUNCTION("IFERROR(QUERY(Bo3data, ""SELECT AG WHERE A="" &A73& "" AND D = '3'"", 0), ""n/a"")"),"n/a") -> n/a
A74: 73 | B74: =IFERROR(__xludf.DUMMYFUNCTION("IFERROR(QUERY(Bo3data, ""SELECT C, M, N, O, P, Q, R, E WHERE A="" &A74& "" AND F = 'yes'"", 0), """")"),"") | J74: =IFERROR(__xludf.DUMMYFUNCTION("IFERROR(LEFT(QUERY(Bo3data, ""SELECT E WHERE A="" &A74& "" AND D = '1'"", 0),1) & IFERROR("" "" & LEFT(QUERY(Bo3data, ""SELECT E WHERE A="" &A74& "" AND D = '2'"", 0),1), """") & IFERROR("" "" & LEFT(QUERY(Bo3data, ""SELECT E WHERE A="" &A74& "" AND D = '"&"3'"", 0),1), """"), """")"),"") | K74: =IFERROR(__xludf.DUMMYFUNCTION("IFERROR(QUERY(Bo3data, ""SELECT AG WHERE A="" &A74& "" AND D = '1'"", 0), ""n/a"")"),"n/a") -> n/a | L74: =IFERROR(__xludf.DUMMYFUNCTION("IFERROR(QUERY(Bo3data, ""SELECT AG WHERE A="" &A74& "" AND D = '2'"", 0), ""n/a"")"),"n/a") -> n/a | M74: =IFERROR(__xludf.DUMMYFUNCTION("IFERROR(QUERY(Bo3data, ""SELECT AG WHERE A="" &A74& "" AND D = '3'"", 0), ""n/a"")"),"n/a") -> n/a
A75: 74 | B75: =IFERROR(__xludf.DUMMYFUNCTION("IFERROR(QUERY(Bo3data, ""SELECT C, M, N, O, P, Q, R, E WHERE A="" &A75& "" AND F = 'yes'"", 0), """")"),"") | J75: =IFERROR(__xludf.DUMMYFUNCTION("IFERROR(LEFT(QUERY(Bo3data, ""SELECT E WHERE A="" &A75& "" AND D = '1'"", 0),1) & IFERROR("" "" & LEFT(QUERY(Bo3data, ""SELECT E WHERE A="" &A75& "" AND D = '2'"", 0),1), """") & IFERROR("" "" & LEFT(QUERY(Bo3data, ""SELECT E WHERE A="" &A75& "" AND D = '"&"3'"", 0),1), """"), """")"),"") | K75: =IFERROR(__xludf.DUMMYFUNCTION("IFERROR(QUERY(Bo3data, ""SELECT AG WHERE A="" &A75& "" AND D = '1'"", 0), ""n/a"")"),"n/a") -> n/a | L75: =IFERROR(__xludf.DUMMYFUNCTION("IFERROR(QUERY(Bo3data, ""SELECT AG WHERE A="" &A75& "" AND D = '2'"", 0), ""n/a"")"),"n/a") -> n/a | M75: =IFERROR(__xludf.DUMMYFUNCTION("IFERROR(QUERY(Bo3data, ""SELECT AG WHERE A="" &A75& "" AND D = '3'"", 0), ""n/a"")"),"n/a") -> n/a
A76: 75 | B76: =IFERROR(__xludf.DUMMYFUNCTION("IFERROR(QUERY(Bo3data, ""SELECT C, M, N, O, P, Q, R, E WHERE A="" &A76& "" AND F = 'yes'"", 0), """")"),"") | J76: =IFERROR(__xludf.DUMMYFUNCTION("IFERROR(LEFT(QUERY(Bo3data, ""SELECT E WHERE A="" &A76& "" AND D = '1'"", 0),1) & IFERROR("" "" & LEFT(QUERY(Bo3data, ""SELECT E WHERE A="" &A76& "" AND D = '2'"", 0),1), """") & IFERROR("" "" & LEFT(QUERY(Bo3data, ""SELECT E WHERE A="" &A76& "" AND D = '"&"3'"", 0),1), """"), """")"),"") | K76: =IFERROR(__xludf.DUMMYFUNCTION("IFERROR(QUERY(Bo3data, ""SELECT AG WHERE A="" &A76& "" AND D = '1'"", 0), ""n/a"")"),"n/a") -> n/a | L76: =IFERROR(__xludf.DUMMYFUNCTION("IFERROR(QUERY(Bo3data, ""SELECT AG WHERE A="" &A76& "" AND D = '2'"", 0), ""n/a"")"),"n/a") -> n/a | M76: =IFERROR(__xludf.DUMMYFUNCTION("IFERROR(QUERY(Bo3data, ""SELECT AG WHERE A="" &A76& "" AND D = '3'"", 0), ""n/a"")"),"n/a") -> n/a
A77: 76 | B77: =IFERROR(__xludf.DUMMYFUNCTION("IFERROR(QUERY(Bo3data, ""SELECT C, M, N, O, P, Q, R, E WHERE A="" &A77& "" AND F = 'yes'"", 0), """")"),"") | J77: =IFERROR(__xludf.DUMMYFUNCTION("IFERROR(LEFT(QUERY(Bo3data, ""SELECT E WHERE A="" &A77& "" AND D = '1'"", 0),1) & IFERROR("" "" & LEFT(QUERY(Bo3data, ""SELECT E WHERE A="" &A77& "" AND D = '2'"", 0),1), """") & IFERROR("" "" & LEFT(QUERY(Bo3data, ""SELECT E WHERE A="" &A77& "" AND D = '"&"3'"", 0),1), """"), """")"),"") | K77: =IFERROR(__xludf.DUMMYFUNCTION("IFERROR(QUERY(Bo3data, ""SELECT AG WHERE A="" &A77& "" AND D = '1'"", 0), ""n/a"")"),"n/a") -> n/a | L77: =IFERROR(__xludf.DUMMYFUNCTION("IFERROR(QUERY(Bo3data, ""SELECT AG WHERE A="" &A77& "" AND D = '2'"", 0), ""n/a"")"),"n/a") -> n/a | M77: =IFERROR(__xludf.DUMMYFUNCTION("IFERROR(QUERY(Bo3data, ""SELECT AG WHERE A="" &A77& "" AND D = '3'"", 0), ""n/a"")"),"n/a") -> n/a
A78: 77 | B78: =IFERROR(__xludf.DUMMYFUNCTION("IFERROR(QUERY(Bo3data, ""SELECT C, M, N, O, P, Q, R, E WHERE A="" &A78& "" AND F = 'yes'"", 0), """")"),"") | J78: =IFERROR(__xludf.DUMMYFUNCTION("IFERROR(LEFT(QUERY(Bo3data, ""SELECT E WHERE A="" &A78& "" AND D = '1'"", 0),1) & IFERROR("" "" & LEFT(QUERY(Bo3data, ""SELECT E WHERE A="" &A78& "" AND D = '2'"", 0),1), """") & IFERROR("" "" & LEFT(QUERY(Bo3data, ""SELECT E WHERE A="" &A78& "" AND D = '"&"3'"", 0),1), """"), """")"),"") | K78: =IFERROR(__xludf.DUMMYFUNCTION("IFERROR(QUERY(Bo3data, ""SELECT AG WHERE A="" &A78& "" AND D = '1'"", 0), ""n/a"")"),"n/a") -> n/a | L78: =IFERROR(__xludf.DUMMYFUNCTION("IFERROR(QUERY(Bo3data, ""SELECT AG WHERE A="" &A78& "" AND D = '2'"", 0), ""n/a"")"),"n/a") -> n/a | M78: =IFERROR(__xludf.DUMMYFUNCTION("IFERROR(QUERY(Bo3data, ""SELECT AG WHERE A="" &A78& "" AND D = '3'"", 0), ""n/a"")"),"n/a") -> n/a
A79: 78 | B79: =IFERROR(__xludf.DUMMYFUNCTION("IFERROR(QUERY(Bo3data, ""SELECT C, M, N, O, P, Q, R, E WHERE A="" &A79& "" AND F = 'yes'"", 0), """")"),"") | J79: =IFERROR(__xludf.DUMMYFUNCTION("IFERROR(LEFT(QUERY(Bo3data, ""SELECT E WHERE A="" &A79& "" AND D = '1'"", 0),1) & IFERROR("" "" & LEFT(QUERY(Bo3data, ""SELECT E WHERE A="" &A79& "" AND D = '2'"", 0),1), """") & IFERROR("" "" & LEFT(QUERY(Bo3data, ""SELECT E WHERE A="" &A79& "" AND D = '"&"3'"", 0),1), """"), """")"),"") | K79: =IFERROR(__xludf.DUMMYFUNCTION("IFERROR(QUERY(Bo3data, ""SELECT AG WHERE A="" &A79& "" AND D = '1'"", 0), ""n/a"")"),"n/a") -> n/a | L79: =IFERROR(__xludf.DUMMYFUNCTION("IFERROR(QUERY(Bo3data, ""SELECT AG WHERE A="" &A79& "" AND D = '2'"", 0), ""n/a"")"),"n/a") -> n/a | M79: =IFERROR(__xludf.DUMMYFUNCTION("IFERROR(QUERY(Bo3data, ""SELECT AG WHERE A="" &A79& "" AND D = '3'"", 0), ""n/a"")"),"n/a") -> n/a
A80: 79 | B80: =IFERROR(__xludf.DUMMYFUNCTION("IFERROR(QUERY(Bo3data, ""SELECT C, M, N, O, P, Q, R, E WHERE A="" &A80& "" AND F = 'yes'"", 0), """")"),"") | J80: =IFERROR(__xludf.DUMMYFUNCTION("IFERROR(LEFT(QUERY(Bo3data, ""SELECT E WHERE A="" &A80& "" AND D = '1'"", 0),1) & IFERROR("" "" & LEFT(QUERY(Bo3data, ""SELECT E WHERE A="" &A80& "" AND D = '2'"", 0),1), """") & IFERROR("" "" & LEFT(QUERY(Bo3data, ""SELECT E WHERE A="" &A80& "" AND D = '"&"3'"", 0),1), """"), """")"),"") | K80: =IFERROR(__xludf.DUMMYFUNCTION("IFERROR(QUERY(Bo3data, ""SELECT AG WHERE A="" &A80& "" AND D = '1'"", 0), ""n/a"")"),"n/a") -> n/a | L80: =IFERROR(__xludf.DUMMYFUNCTION("IFERROR(QUERY(Bo3data, ""SELECT AG WHERE A="" &A80& "" AND D = '2'"", 0), ""n/a"")"),"n/a") -> n/a | M80: =IFERROR(__xludf.DUMMYFUNCTION("IFERROR(QUERY(Bo3data, ""SELECT AG WHERE A="" &A80& "" AND D = '3'"", 0), ""n/a"")"),"n/a") -> n/a
A81: 80 | B81: =IFERROR(__xludf.DUMMYFUNCTION("IFERROR(QUERY(Bo3data, ""SELECT C, M, N, O, P, Q, R, E WHERE A="" &A81& "" AND F = 'yes'"", 0), """")"),"") | J81: =IFERROR(__xludf.DUMMYFUNCTION("IFERROR(LEFT(QUERY(Bo3data, ""SELECT E WHERE A="" &A81& "" AND D = '1'"", 0),1) & IFERROR("" "" & LEFT(QUERY(Bo3data, ""SELECT E WHERE A="" &A81& "" AND D = '2'"", 0),1), """") & IFERROR("" "" & LEFT(QUERY(Bo3data, ""SELECT E WHERE A="" &A81& "" AND D = '"&"3'"", 0),1), """"), """")"),"") | K81: =IFERROR(__xludf.DUMMYFUNCTION("IFERROR(QUERY(Bo3data, ""SELECT AG WHERE A="" &A81& "" AND D = '1'"", 0), ""n/a"")"),"n/a") -> n/a | L81: =IFERROR(__xludf.DUMMYFUNCTION("IFERROR(QUERY(Bo3data, ""SELECT AG WHERE A="" &A81& "" AND D = '2'"", 0), ""n/a"")"),"n/a") -> n/a | M81: =IFERROR(__xludf.DUMMYFUNCTION("IFERROR(QUERY(Bo3data, ""SELECT AG WHERE A="" &A81& "" AND D = '3'"", 0), ""n/a"")"),"n/a") -> n/a
A82: 81 | B82: =IFERROR(__xludf.DUMMYFUNCTION("IFERROR(QUERY(Bo3data, ""SELECT C, M, N, O, P, Q, R, E WHERE A="" &A82& "" AND F = 'yes'"", 0), """")"),"") | J82: =IFERROR(__xludf.DUMMYFUNCTION("IFERROR(LEFT(QUERY(Bo3data, ""SELECT E WHERE A="" &A82& "" AND D = '1'"", 0),1) & IFERROR("" "" & LEFT(QUERY(Bo3data, ""SELECT E WHERE A="" &A82& "" AND D = '2'"", 0),1), """") & IFERROR("" "" & LEFT(QUERY(Bo3data, ""SELECT E WHERE A="" &A82& "" AND D = '"&"3'"", 0),1), """"), """")"),"") | K82: =IFERROR(__xludf.DUMMYFUNCTION("IFERROR(QUERY(Bo3data, ""SELECT AG WHERE A="" &A82& "" AND D = '1'"", 0), ""n/a"")"),"n/a") -> n/a | L82: =IFERROR(__xludf.DUMMYFUNCTION("IFERROR(QUERY(Bo3data, ""SELECT AG WHERE A="" &A82& "" AND D = '2'"", 0), ""n/a"")"),"n/a") -> n/a | M82: =IFERROR(__xludf.DUMMYFUNCTION("IFERROR(QUERY(Bo3data, ""SELECT AG WHERE A="" &A82& "" AND D = '3'"", 0), ""n/a"")"),"n/a") -> n/a
A83: 82 | B83: =IFERROR(__xludf.DUMMYFUNCTION("IFERROR(QUERY(Bo3data, ""SELECT C, M, N, O, P, Q, R, E WHERE A="" &A83& "" AND F = 'yes'"", 0), """")"),"") | J83: =IFERROR(__xludf.DUMMYFUNCTION("IFERROR(LEFT(QUERY(Bo3data, ""SELECT E WHERE A="" &A83& "" AND D = '1'"", 0),1) & IFERROR("" "" & LEFT(QUERY(Bo3data, ""SELECT E WHERE A="" &A83& "" AND D = '2'"", 0),1), """") & IFERROR("" "" & LEFT(QUERY(Bo3data, ""SELECT E WHERE A="" &A83& "" AND D = '"&"3'"", 0),1), """"), """")"),"") | K83: =IFERROR(__xludf.DUMMYFUNCTION("IFERROR(QUERY(Bo3data, ""SELECT AG WHERE A="" &A83& "" AND D = '1'"", 0), ""n/a"")"),"n/a") -> n/a | L83: =IFERROR(__xludf.DUMMYFUNCTION("IFERROR(QUERY(Bo3data, ""SELECT AG WHERE A="" &A83& "" AND D = '2'"", 0), ""n/a"")"),"n/a") -> n/a | M83: =IFERROR(__xludf.DUMMYFUNCTION("IFERROR(QUERY(Bo3data, ""SELECT AG WHERE A="" &A83& "" AND D = '3'"", 0), ""n/a"")"),"n/a") -> n/a
A84: 83 | B84: =IFERROR(__xludf.DUMMYFUNCTION("IFERROR(QUERY(Bo3data, ""SELECT C, M, N, O, P, Q, R, E WHERE A="" &A84& "" AND F = 'yes'"", 0), """")"),"") | J84: =IFERROR(__xludf.DUMMYFUNCTION("IFERROR(LEFT(QUERY(Bo3data, ""SELECT E WHERE A="" &A84& "" AND D = '1'"", 0),1) & IFERROR("" "" & LEFT(QUERY(Bo3data, ""SELECT E WHERE A="" &A84& "" AND D = '2'"", 0),1), """") & IFERROR("" "" & LEFT(QUERY(Bo3data, ""SELECT E WHERE A="" &A84& "" AND D = '"&"3'"", 0),1), """"), """")"),"") | K84: =IFERROR(__xludf.DUMMYFUNCTION("IFERROR(QUERY(Bo3data, ""SELECT AG WHERE A="" &A84& "" AND D = '1'"", 0), ""n/a"")"),"n/a") -> n/a | L84: =IFERROR(__xludf.DUMMYFUNCTION("IFERROR(QUERY(Bo3data, ""SELECT AG WHERE A="" &A84& "" AND D = '2'"", 0), ""n/a"")"),"n/a") -> n/a | M84: =IFERROR(__xludf.DUMMYFUNCTION("IFERROR(QUERY(Bo3data, ""SELECT AG WHERE A="" &A84& "" AND D = '3'"", 0), ""n/a"")"),"n/a") -> n/a
A85: 84 | B85: =IFERROR(__xludf.DUMMYFUNCTION("IFERROR(QUERY(Bo3data, ""SELECT C, M, N, O, P, Q, R, E WHERE A="" &A85& "" AND F = 'yes'"", 0), """")"),"") | J85: =IFERROR(__xludf.DUMMYFUNCTION("IFERROR(LEFT(QUERY(Bo3data, ""SELECT E WHERE A="" &A85& "" AND D = '1'"", 0),1) & IFERROR("" "" & LEFT(QUERY(Bo3data, ""SELECT E WHERE A="" &A85& "" AND D = '2'"", 0),1), """") & IFERROR("" "" & LEFT(QUERY(Bo3data, ""SELECT E WHERE A="" &A85& "" AND D = '"&"3'"", 0),1), """"), """")"),"") | K85: =IFERROR(__xludf.DUMMYFUNCTION("IFERROR(QUERY(Bo3data, ""SELECT AG WHERE A="" &A85& "" AND D = '1'"", 0), ""n/a"")"),"n/a") -> n/a | L85: =IFERROR(__xludf.DUMMYFUNCTION("IFERROR(QUERY(Bo3data, ""SELECT AG WHERE A="" &A85& "" AND D = '2'"", 0), ""n/a"")"),"n/a") -> n/a | M85: =IFERROR(__xludf.DUMMYFUNCTION("IFERROR(QUERY(Bo3data, ""SELECT AG WHERE A="" &A85& "" AND D = '3'"", 0), ""n/a"")"),"n/a") -> n/a
A86: 85 | B86: =IFERROR(__xludf.DUMMYFUNCTION("IFERROR(QUERY(Bo3data, ""SELECT C, M, N, O, P, Q, R, E WHERE A="" &A86& "" AND F = 'yes'"", 0), """")"),"") | J86: =IFERROR(__xludf.DUMMYFUNCTION("IFERROR(LEFT(QUERY(Bo3data, ""SELECT E WHERE A="" &A86& "" AND D = '1'"", 0),1) & IFERROR("" "" & LEFT(QUERY(Bo3data, ""SELECT E WHERE A="" &A86& "" AND D = '2'"", 0),1), """") & IFERROR("" "" & LEFT(QUERY(Bo3data, ""SELECT E WHERE A="" &A86& "" AND D = '"&"3'"", 0),1), """"), """")"),"") | K86: =IFERROR(__xludf.DUMMYFUNCTION("IFERROR(QUERY(Bo3data, ""SELECT AG WHERE A="" &A86& "" AND D = '1'"", 0), ""n/a"")"),"n/a") -> n/a | L86: =IFERROR(__xludf.DUMMYFUNCTION("IFERROR(QUERY(Bo3data, ""SELECT AG WHERE A="" &A86& "" AND D = '2'"", 0), ""n/a"")"),"n/a") -> n/a | M86: =IFERROR(__xludf.DUMMYFUNCTION("IFERROR(QUERY(Bo3data, ""SELECT AG WHERE A="" &A86& "" AND D = '3'"", 0), ""n/a"")"),"n/a") -> n/a
A87: 86 | B87: =IFERROR(__xludf.DUMMYFUNCTION("IFERROR(QUERY(Bo3data, ""SELECT C, M, N, O, P, Q, R, E WHERE A="" &A87& "" AND F = 'yes'"", 0), """")"),"") | J87: =IFERROR(__xludf.DUMMYFUNCTION("IFERROR(LEFT(QUERY(Bo3data, ""SELECT E WHERE A="" &A87& "" AND D = '1'"", 0),1) & IFERROR("" "" & LEFT(QUERY(Bo3data, ""SELECT E WHERE A="" &A87& "" AND D = '2'"", 0),1), """") & IFERROR("" "" & LEFT(QUERY(Bo3data, ""SELECT E WHERE A="" &A87& "" AND D = '"&"3'"", 0),1), """"), """")"),"") | K87: =IFERROR(__xludf.DUMMYFUNCTION("IFERROR(QUERY(Bo3data, ""SELECT AG WHERE A="" &A87& "" AND D = '1'"", 0), ""n/a"")"),"n/a") -> n/a | L87: =IFERROR(__xludf.DUMMYFUNCTION("IFERROR(QUERY(Bo3data, ""SELECT AG WHERE A="" &A87& "" AND D = '2'"", 0), ""n/a"")"),"n/a") -> n/a | M87: =IFERROR(__xludf.DUMMYFUNCTION("IFERROR(QUERY(Bo3data, ""SELECT AG WHERE A="" &A87& "" AND D = '3'"", 0), ""n/a"")"),"n/a") -> n/a
A88: 87 | B88: =IFERROR(__xludf.DUMMYFUNCTION("IFERROR(QUERY(Bo3data, ""SELECT C, M, N, O, P, Q, R, E WHERE A="" &A88& "" AND F = 'yes'"", 0), """")"),"") | J88: =IFERROR(__xludf.DUMMYFUNCTION("IFERROR(LEFT(QUERY(Bo3data, ""SELECT E WHERE A="" &A88& "" AND D = '1'"", 0),1) & IFERROR("" "" & LEFT(QUERY(Bo3data, ""SELECT E WHERE A="" &A88& "" AND D = '2'"", 0),1), """") & IFERROR("" "" & LEFT(QUERY(Bo3data, ""SELECT E WHERE A="" &A88& "" AND D = '"&"3'"", 0),1), """"), """")"),"") | K88: =IFERROR(__xludf.DUMMYFUNCTION("IFERROR(QUERY(Bo3data, ""SELECT AG WHERE A="" &A88& "" AND D = '1'"", 0), ""n/a"")"),"n/a") -> n/a | L88: =IFERROR(__xludf.DUMMYFUNCTION("IFERROR(QUERY(Bo3data, ""SELECT AG WHERE A="" &A88& "" AND D = '2'"", 0), ""n/a"")"),"n/a") -> n/a | M88: =IFERROR(__xludf.DUMMYFUNCTION("IFERROR(QUERY(Bo3data, ""SELECT AG WHERE A="" &A88& "" AND D = '3'"", 0), ""n/a"")"),"n/a") -> n/a
A89: 88 | B89: =IFERROR(__xludf.DUMMYFUNCTION("IFERROR(QUERY(Bo3data, ""SELECT C, M, N, O, P, Q, R, E WHERE A="" &A89& "" AND F = 'yes'"", 0), """")"),"") | J89: =IFERROR(__xludf.DUMMYFUNCTION("IFERROR(LEFT(QUERY(Bo3data, ""SELECT E WHERE A="" &A89& "" AND D = '1'"", 0),1) & IFERROR("" "" & LEFT(QUERY(Bo3data, ""SELECT E WHERE A="" &A89& "" AND D = '2'"", 0),1), """") & IFERROR("" "" & LEFT(QUERY(Bo3data, ""SELECT E WHERE A="" &A89& "" AND D = '"&"3'"", 0),1), """"), """")"),"") | K89: =IFERROR(__xludf.DUMMYFUNCTION("IFERROR(QUERY(Bo3data, ""SELECT AG WHERE A="" &A89& "" AND D = '1'"", 0), ""n/a"")"),"n/a") -> n/a | L89: =IFERROR(__xludf.DUMMYFUNCTION("IFERROR(QUERY(Bo3data, ""SELECT AG WHERE A="" &A89& "" AND D = '2'"", 0), ""n/a"")"),"n/a") -> n/a | M89: =IFERROR(__xludf.DUMMYFUNCTION("IFERROR(QUERY(Bo3data, ""SELECT AG WHERE A="" &A89& "" AND D = '3'"", 0), ""n/a"")"),"n/a") -> n/a
A90: 89 | B90: =IFERROR(__xludf.DUMMYFUNCTION("IFERROR(QUERY(Bo3data, ""SELECT C, M, N, O, P, Q, R, E WHERE A="" &A90& "" AND F = 'yes'"", 0), """")"),"") | J90: =IFERROR(__xludf.DUMMYFUNCTION("IFERROR(LEFT(QUERY(Bo3data, ""SELECT E WHERE A="" &A90& "" AND D = '1'"", 0),1) & IFERROR("" "" & LEFT(QUERY(Bo3data, ""SELECT E WHERE A="" &A90& "" AND D = '2'"", 0),1), """") & IFERROR("" "" & LEFT(QUERY(Bo3data, ""SELECT E WHERE A="" &A90& "" AND D = '"&"3'"", 0),1), """"), """")"),"") | K90: =IFERROR(__xludf.DUMMYFUNCTION("IFERROR(QUERY(Bo3data, ""SELECT AG WHERE A="" &A90& "" AND D = '1'"", 0), ""n/a"")"),"n/a") -> n/a | L90: =IFERROR(__xludf.DUMMYFUNCTION("IFERROR(QUERY(Bo3data, ""SELECT AG WHERE A="" &A90& "" AND D = '2'"", 0), ""n/a"")"),"n/a") -> n/a | M90: =IFERROR(__xludf.DUMMYFUNCTION("IFERROR(QUERY(Bo3data, ""SELECT AG WHERE A="" &A90& "" AND D = '3'"", 0), ""n/a"")"),"n/a") -> n/a
A91: 90 | B91: =IFERROR(__xludf.DUMMYFUNCTION("IFERROR(QUERY(Bo3data, ""SELECT C, M, N, O, P, Q, R, E WHERE A="" &A91& "" AND F = 'yes'"", 0), """")"),"") | J91: =IFERROR(__xludf.DUMMYFUNCTION("IFERROR(LEFT(QUERY(Bo3data, ""SELECT E WHERE A="" &A91& "" AND D = '1'"", 0),1) & IFERROR("" "" & LEFT(QUERY(Bo3data, ""SELECT E WHERE A="" &A91& "" AND D = '2'"", 0),1), """") & IFERROR("" "" & LEFT(QUERY(Bo3data, ""SELECT E WHERE A="" &A91& "" AND D = '"&"3'"", 0),1), """"), """")"),"") | K91: =IFERROR(__xludf.DUMMYFUNCTION("IFERROR(QUERY(Bo3data, ""SELECT AG WHERE A="" &A91& "" AND D = '1'"", 0), ""n/a"")"),"n/a") -> n/a | L91: =IFERROR(__xludf.DUMMYFUNCTION("IFERROR(QUERY(Bo3data, ""SELECT AG WHERE A="" &A91& "" AND D = '2'"", 0), ""n/a"")"),"n/a") -> n/a | M91: =IFERROR(__xludf.DUMMYFUNCTION("IFERROR(QUERY(Bo3data, ""SELECT AG WHERE A="" &A91& "" AND D = '3'"", 0), ""n/a"")"),"n/a") -> n/a
A92: 91 | B92: =IFERROR(__xludf.DUMMYFUNCTION("IFERROR(QUERY(Bo3data, ""SELECT C, M, N, O, P, Q, R, E WHERE A="" &A92& "" AND F = 'yes'"", 0), """")"),"") | J92: =IFERROR(__xludf.DUMMYFUNCTION("IFERROR(LEFT(QUERY(Bo3data, ""SELECT E WHERE A="" &A92& "" AND D = '1'"", 0),1) & IFERROR("" "" & LEFT(QUERY(Bo3data, ""SELECT E WHERE A="" &A92& "" AND D = '2'"", 0),1), """") & IFERROR("" "" & LEFT(QUERY(Bo3data, ""SELECT E WHERE A="" &A92& "" AND D = '"&"3'"", 0),1), """"), """")"),"") | K92: =IFERROR(__xludf.DUMMYFUNCTION("IFERROR(QUERY(Bo3data, ""SELECT AG WHERE A="" &A92& "" AND D = '1'"", 0), ""n/a"")"),"n/a") -> n/a | L92: =IFERROR(__xludf.DUMMYFUNCTION("IFERROR(QUERY(Bo3data, ""SELECT AG WHERE A="" &A92& "" AND D = '2'"", 0), ""n/a"")"),"n/a") -> n/a | M92: =IFERROR(__xludf.DUMMYFUNCTION("IFERROR(QUERY(Bo3data, ""SELECT AG WHERE A="" &A92& "" AND D = '3'"", 0), ""n/a"")"),"n/a") -> n/a
A93: 92 | B93: =IFERROR(__xludf.DUMMYFUNCTION("IFERROR(QUERY(Bo3data, ""SELECT C, M, N, O, P, Q, R, E WHERE A="" &A93& "" AND F = 'yes'"", 0), """")"),"") | J93: =IFERROR(__xludf.DUMMYFUNCTION("IFERROR(LEFT(QUERY(Bo3data, ""SELECT E WHERE A="" &A93& "" AND D = '1'"", 0),1) & IFERROR("" "" & LEFT(QUERY(Bo3data, ""SELECT E WHERE A="" &A93& "" AND D = '2'"", 0),1), """") & IFERROR("" "" & LEFT(QUERY(Bo3data, ""SELECT E WHERE A="" &A93& "" AND D = '"&"3'"", 0),1), """"), """")"),"") | K93: =IFERROR(__xludf.DUMMYFUNCTION("IFERROR(QUERY(Bo3data, ""SELECT AG WHERE A="" &A93& "" AND D = '1'"", 0), ""n/a"")"),"n/a") -> n/a | L93: =IFERROR(__xludf.DUMMYFUNCTION("IFERROR(QUERY(Bo3data, ""SELECT AG WHERE A="" &A93& "" AND D = '2'"", 0), ""n/a"")"),"n/a") -> n/a | M93: =IFERROR(__xludf.DUMMYFUNCTION("IFERROR(QUERY(Bo3data, ""SELECT AG WHERE A="" &A93& "" AND D = '3'"", 0), ""n/a"")"),"n/a") -> n/a
A94: 93 | B94: =IFERROR(__xludf.DUMMYFUNCTION("IFERROR(QUERY(Bo3data, ""SELECT C, M, N, O, P, Q, R, E WHERE A="" &A94& "" AND F = 'yes'"", 0), """")"),"") | J94: =IFERROR(__xludf.DUMMYFUNCTION("IFERROR(LEFT(QUERY(Bo3data, ""SELECT E WHERE A="" &A94& "" AND D = '1'"", 0),1) & IFERROR("" "" & LEFT(QUERY(Bo3data, ""SELECT E WHERE A="" &A94& "" AND D = '2'"", 0),1), """") & IFERROR("" "" & LEFT(QUERY(Bo3data, ""SELECT E WHERE A="" &A94& "" AND D = '"&"3'"", 0),1), """"), """")"),"") | K94: =IFERROR(__xludf.DUMMYFUNCTION("IFERROR(QUERY(Bo3data, ""SELECT AG WHERE A="" &A94& "" AND D = '1'"", 0), ""n/a"")"),"n/a") -> n/a | L94: =IFERROR(__xludf.DUMMYFUNCTION("IFERROR(QUERY(Bo3data, ""SELECT AG WHERE A="" &A94& "" AND D = '2'"", 0), ""n/a"")"),"n/a") -> n/a | M94: =IFERROR(__xludf.DUMMYFUNCTION("IFERROR(QUERY(Bo3data, ""SELECT AG WHERE A="" &A94& "" AND D = '3'"", 0), ""n/a"")"),"n/a") -> n/a
A95: 94 | B95: =IFERROR(__xludf.DUMMYFUNCTION("IFERROR(QUERY(Bo3data, ""SELECT C, M, N, O, P, Q, R, E WHERE A="" &A95& "" AND F = 'yes'"", 0), """")"),"") | J95: =IFERROR(__xludf.DUMMYFUNCTION("IFERROR(LEFT(QUERY(Bo3data, ""SELECT E WHERE A="" &A95& "" AND D = '1'"", 0),1) & IFERROR("" "" & LEFT(QUERY(Bo3data, ""SELECT E WHERE A="" &A95& "" AND D = '2'"", 0),1), """") & IFERROR("" "" & LEFT(QUERY(Bo3data, ""SELECT E WHERE A="" &A95& "" AND D = '"&"3'"", 0),1), """"), """")"),"") | K95: =IFERROR(__xludf.DUMMYFUNCTION("IFERROR(QUERY(Bo3data, ""SELECT AG WHERE A="" &A95& "" AND D = '1'"", 0), ""n/a"")"),"n/a") -> n/a | L95: =IFERROR(__xludf.DUMMYFUNCTION("IFERROR(QUERY(Bo3data, ""SELECT AG WHERE A="" &A95& "" AND D = '2'"", 0), ""n/a"")"),"n/a") -> n/a | M95: =IFERROR(__xludf.DUMMYFUNCTION("IFERROR(QUERY(Bo3data, ""SELECT AG WHERE A="" &A95& "" AND D = '3'"", 0), ""n/a"")"),"n/a") -> n/a
A96: 95 | B96: =IFERROR(__xludf.DUMMYFUNCTION("IFERROR(QUERY(Bo3data, ""SELECT C, M, N, O, P, Q, R, E WHERE A="" &A96& "" AND F = 'yes'"", 0), """")"),"") | J96: =IFERROR(__xludf.DUMMYFUNCTION("IFERROR(LEFT(QUERY(Bo3data, ""SELECT E WHERE A="" &A96& "" AND D = '1'"", 0),1) & IFERROR("" "" & LEFT(QUERY(Bo3data, ""SELECT E WHERE A="" &A96& "" AND D = '2'"", 0),1), """") & IFERROR("" "" & LEFT(QUERY(Bo3data, ""SELECT E WHERE A="" &A96& "" AND D = '"&"3'"", 0),1), """"), """")"),"") | K96: =IFERROR(__xludf.DUMMYFUNCTION("IFERROR(QUERY(Bo3data, ""SELECT AG WHERE A="" &A96& "" AND D = '1'"", 0), ""n/a"")"),"n/a") -> n/a | L96: =IFERROR(__xludf.DUMMYFUNCTION("IFERROR(QUERY(Bo3data, ""SELECT AG WHERE A="" &A96& "" AND D = '2'"", 0), ""n/a"")"),"n/a") -> n/a | M96: =IFERROR(__xludf.DUMMYFUNCTION("IFERROR(QUERY(Bo3data, ""SELECT AG WHERE A="" &A96& "" AND D = '3'"", 0), ""n/a"")"),"n/a") -> n/a
A97: 96 | B97: =IFERROR(__xludf.DUMMYFUNCTION("IFERROR(QUERY(Bo3data, ""SELECT C, M, N, O, P, Q, R, E WHERE A="" &A97& "" AND F = 'yes'"", 0), """")"),"") | J97: =IFERROR(__xludf.DUMMYFUNCTION("IFERROR(LEFT(QUERY(Bo3data, ""SELECT E WHERE A="" &A97& "" AND D = '1'"", 0),1) & IFERROR("" "" & LEFT(QUERY(Bo3data, ""SELECT E WHERE A="" &A97& "" AND D = '2'"", 0),1), """") & IFERROR("" "" & LEFT(QUERY(Bo3data, ""SELECT E WHERE A="" &A97& "" AND D = '"&"3'"", 0),1), """"), """")"),"") | K97: =IFERROR(__xludf.DUMMYFUNCTION("IFERROR(QUERY(Bo3data, ""SELECT AG WHERE A="" &A97& "" AND D = '1'"", 0), ""n/a"")"),"n/a") -> n/a | L97: =IFERROR(__xludf.DUMMYFUNCTION("IFERROR(QUERY(Bo3data, ""SELECT AG WHERE A="" &A97& "" AND D = '2'"", 0), ""n/a"")"),"n/a") -> n/a | M97: =IFERROR(__xludf.DUMMYFUNCTION("IFERROR(QUERY(Bo3data, ""SELECT AG WHERE A="" &A97& "" AND D = '3'"", 0), ""n/a"")"),"n/a") -> n/a
A98: 97 | B98: =IFERROR(__xludf.DUMMYFUNCTION("IFERROR(QUERY(Bo3data, ""SELECT C, M, N, O, P, Q, R, E WHERE A="" &A98& "" AND F = 'yes'"", 0), """")"),"") | J98: =IFERROR(__xludf.DUMMYFUNCTION("IFERROR(LEFT(QUERY(Bo3data, ""SELECT E WHERE A="" &A98& "" AND D = '1'"", 0),1) & IFERROR("" "" & LEFT(QUERY(Bo3data, ""SELECT E WHERE A="" &A98& "" AND D = '2'"", 0),1), """") & IFERROR("" "" & LEFT(QUERY(Bo3data, ""SELECT E WHERE A="" &A98& "" AND D = '"&"3'"", 0),1), """"), """")"),"") | K98: =IFERROR(__xludf.DUMMYFUNCTION("IFERROR(QUERY(Bo3data, ""SELECT AG WHERE A="" &A98& "" AND D = '1'"", 0), ""n/a"")"),"n/a") -> n/a | L98: =IFERROR(__xludf.DUMMYFUNCTION("IFERROR(QUERY(Bo3data, ""SELECT AG WHERE A="" &A98& "" AND D = '2'"", 0), ""n/a"")"),"n/a") -> n/a | M98: =IFERROR(__xludf.DUMMYFUNCTION("IFERROR(QUERY(Bo3data, ""SELECT AG WHERE A="" &A98& "" AND D = '3'"", 0), ""n/a"")"),"n/a") -> n/a
A99: 98 | B99: =IFERROR(__xludf.DUMMYFUNCTION("IFERROR(QUERY(Bo3data, ""SELECT C, M, N, O, P, Q, R, E WHERE A="" &A99& "" AND F = 'yes'"", 0), """")"),"") | J99: =IFERROR(__xludf.DUMMYFUNCTION("IFERROR(LEFT(QUERY(Bo3data, ""SELECT E WHERE A="" &A99& "" AND D = '1'"", 0),1) & IFERROR("" "" & LEFT(QUERY(Bo3data, ""SELECT E WHERE A="" &A99& "" AND D = '2'"", 0),1), """") & IFERROR("" "" & LEFT(QUERY(Bo3data, ""SELECT E WHERE A="" &A99& "" AND D = '"&"3'"", 0),1), """"), """")"),"") | K99: =IFERROR(__xludf.DUMMYFUNCTION("IFERROR(QUERY(Bo3data, ""SELECT AG WHERE A="" &A99& "" AND D = '1'"", 0), ""n/a"")"),"n/a") -> n/a | L99: =IFERROR(__xludf.DUMMYFUNCTION("IFERROR(QUERY(Bo3data, ""SELECT AG WHERE A="" &A99& "" AND D = '2'"", 0), ""n/a"")"),"n/a") -> n/a | M99: =IFERROR(__xludf.DUMMYFUNCTION("IFERROR(QUERY(Bo3data, ""SELECT AG WHERE A="" &A99& "" AND D = '3'"", 0), ""n/a"")"),"n/a") -> n/a
A100: 99 | B100: =IFERROR(__xludf.DUMMYFUNCTION("IFERROR(QUERY(Bo3data, ""SELECT C, M, N, O, P, Q, R, E WHERE A="" &A100& "" AND F = 'yes'"", 0), """")"),"") | J100: =IFERROR(__xludf.DUMMYFUNCTION("IFERROR(LEFT(QUERY(Bo3data, ""SELECT E WHERE A="" &A100& "" AND D = '1'"", 0),1) & IFERROR("" "" & LEFT(QUERY(Bo3data, ""SELECT E WHERE A="" &A100& "" AND D = '2'"", 0),1), """") & IFERROR("" "" & LEFT(QUERY(Bo3data, ""SELECT E WHERE A="" &A100& "" AND D "&"= '3'"", 0),1), """"), """")"),"") | K100: =IFERROR(__xludf.DUMMYFUNCTION("IFERROR(QUERY(Bo3data, ""SELECT AG WHERE A="" &A100& "" AND D = '1'"", 0), ""n/a"")"),"n/a") -> n/a | L100: =IFERROR(__xludf.DUMMYFUNCTION("IFERROR(QUERY(Bo3data, ""SELECT AG WHERE A="" &A100& "" AND D = '2'"", 0), ""n/a"")"),"n/a") -> n/a | M100: =IFERROR(__xludf.DUMMYFUNCTION("IFERROR(QUERY(Bo3data, ""SELECT AG WHERE A="" &A100& "" AND D = '3'"", 0), ""n/a"")"),"n/a") -> n/a
...

Sheet GBG DASHBOARD
A1: Desired Result | B1: ='Game By Game'!E4 -> -any- | D1: Col2 | E1: =IF(B1<>"-any-", "AND Col2 = '"&B1&"'", "") | F1: =IF(B1 <> "-any-", "Every "&B1& " where:", "")
A2: Desired Opponent Mon on Team | B2: ='Game By Game'!J4 -> -any- | D2: Col5 thru Col10 | E2: =IF(B2 <> "-any-", " AND (Col5 = '"&B2&"' OR Col6 = '"&B2&"' OR Col7 = '"&B2&"' OR Col8 = '"&B2&"' OR Col9 = '"&B2&"' OR Col10 = '"&B2&"')", "") | F2: =IF(B2 <> "-any-", " "&B2&" was on the Opposing Team", "")
A3: Desired Opponent Lead | B3: ='Game By Game'!V3 -> -any- | D3: Col19 and Col20 | E3: =IF(B3 <> "-any-", " AND (Col19 = '"&B3&"' OR Col20 = '"&B3&"')", "") | F3: =IF(B3 <> "-any-", " Opponent Lead "&B3, "")
A4: Desired Opponent Back | B4: ='Game By Game'!V4 -> -any- | D4: Col21 and Col22 | E4: =IF(B4 <> "-any-", " AND (Col21 = '"&B4&"' OR Col22 = '"&B4&"')", "") | F4: =IF(B4 <> "-any-", " Opponent brought "&B4&" in back", "")
A5: Desired Player Use | D5: Col14 thru Col17 | E5: =IF(B5<>"", " AND (Col14 = '"&B5&"' OR Col15 = '"&B5&"' OR Col16 = '"&B5&"' OR Col17 = '"&B5&"')", "") | F5: =IF(B5 <> "", " Player used "&B5, "")
A6: Desired Player Lead | B6: ='Game By Game'!Q3 -> -any- | D6: Col14 and Col15 | E6: =IF(B6 <> "-any-", " AND (Col14 = '"&B6&"' OR Col15 = '"&B6&"')", "") | F6: =IF(B6 <> "-any-", " Player Led "&B6, "")
A7: Desired Player Back | B7: ='Game By Game'!Q4 -> -any- | D7: Col16 and Col17 | E7: =IF(B7 <> "-any-", " AND (Col16 = '"&B7&"' OR Col17 = '"&B7&"')", "") | F7: =IF(B7 <> "-any-", " Player brought "&B7&" in the back", "")
A8: Desired Player Tera | B8: ='Game By Game'!AA4 -> -any- | D8: Col25 | E8: =IF(B8<>"-any-", " AND Col25 = '"&B8&"'", "") | F8: =IF(B8 <> "-any-", " Player Tera'd "&B8, "")
A9: Desired OTS | B9: ='Game By Game'!AE4 -> -any- | D9: Col29 | E9: =IF(B10<>"-any-", " AND Col29 = '"&B10&"'", "") | F9: =IF(B9 <> "-any-", " Was "&B9, "")
A10: Desired OTS clean | B10: =IF(B9 = "OTS", "YES", IF(B9 = "CTS", "", "-any-")) -> -any- | F10: =IF(B10 <> "-any-", " Was "&B10, "")
A11: Desired Minimum ELO | B11: ='Game By Game'!AG4 -> -any- | D11: Col31 | E11: =IF(B11<>"-any-", " AND Col31 >= '"&B11&"'", "") | F11: =IF(B11 <> "-any-", " The opponent had at least "&B11&" ELO", "")
A12: -any-
A13: Win
A14: Loss
A16: -any-
A17: OTS
A18: CTS

Sheet GBG Data
B1: Game Num | C1: Result | D1: VS | E1: Opp Name | F1: OppMon1 | G1: OppMon2 | H1: OppMon3 | I1: OppMon4 | J1: OppMon5 | K1: OppMon6 | O1: PlayerLead1 | P1: PlayerLead2 | Q1: PlayerBack1 | R1: PlayerBack2 | T1: OppLead1 | U1: OppLead2 | V1: OppBack1 | W1: OppBack2 | Z1: PlayerTeraMon | AA1: PlayerTeraType | AB1: OppTeraMon | AC1: OppTeraType | AD1: OTS | AE1: ELO | AF1: Opp ELO
B2: =IF('Replay Entries'!C7 <> "", 'Replay Entries'!B7, "") | C2: ='Base Data'!EF3 | D2: =IF('Replay Entries'!C7 <> "", "vs", "") | E2: ='Base Data'!DY3 | F2: ='Base Data'!DZ3 | G2: ='Base Data'!EA3 | H2: ='Base Data'!EB3 | I2: ='Base Data'!EC3 | J2: ='Base Data'!ED3 | K2: ='Base Data'!EE3 | O2: ='Base Data'!DG3 | P2: ='Base Data'!DH3 | Q2: ='Base Data'!DE3 | R2: ='Base Data'!DF3 | T2: ='Base Data'!DI3 | U2: ='Base Data'!DJ3 | V2: ='Base Data'!DK3 | W2: ='Base Data'!DL3 | Z2: ='Base Data'!DN3 | AA2: ='Base Data'!DO3 | AB2: ='Base Data'!DP3 | AC2: ='Base Data'!DQ3 | AD2: =IF('Base Data'!Y3 = "ots", "YES", "") | AE2: =SWITCH('Base Data'!EN3, "? -> ?", "pending", "--- -> ---", "unranked", " -> ", "", 'Base Data'!EN3) | AF2: =IF(AND('Base Data'!EO3 <> "",'Base Data'!EO3 <> "?",'Base Data'!EO3 <> "---"), 'Base Data'!EO3, "")
B3: =IF('Replay Entries'!C8 <> "", 'Replay Entries'!B8, "") | C3: ='Base Data'!EF4 | D3: =IF('Replay Entries'!C8 <> "", "vs", "") | E3: ='Base Data'!DY4 | F3: ='Base Data'!DZ4 | G3: ='Base Data'!EA4 | H3: ='Base Data'!EB4 | I3: ='Base Data'!EC4 | J3: ='Base Data'!ED4 | K3: ='Base Data'!EE4 | O3: ='Base Data'!DG4 | P3: ='Base Data'!DH4 | Q3: ='Base Data'!DE4 | R3: ='Base Data'!DF4 | T3: ='Base Data'!DI4 | U3: ='Base Data'!DJ4 | V3: ='Base Data'!DK4 | W3: ='Base Data'!DL4 | Z3: ='Base Data'!DN4 | AA3: ='Base Data'!DO4 | AB3: ='Base Data'!DP4 | AC3: ='Base Data'!DQ4 | AD3: =IF('Base Data'!Y4 = "ots", "YES", "") | AE3: =SWITCH('Base Data'!EN4, "? -> ?", "pending", "--- -> ---", "unranked", " -> ", "", 'Base Data'!EN4) | AF3: =IF(AND('Base Data'!EO4 <> "",'Base Data'!EO4 <> "?",'Base Data'!EO4 <> "---"), 'Base Data'!EO4, "")
B4: =IF('Replay Entries'!C9 <> "", 'Replay Entries'!B9, "") | C4: ='Base Data'!EF5 | D4: =IF('Replay Entries'!C9 <> "", "vs", "") | E4: ='Base Data'!DY5 | F4: ='Base Data'!DZ5 | G4: ='Base Data'!EA5 | H4: ='Base Data'!EB5 | I4: ='Base Data'!EC5 | J4: ='Base Data'!ED5 | K4: ='Base Data'!EE5 | O4: ='Base Data'!DG5 | P4: ='Base Data'!DH5 | Q4: ='Base Data'!DE5 | R4: ='Base Data'!DF5 | T4: ='Base Data'!DI5 | U4: ='Base Data'!DJ5 | V4: ='Base Data'!DK5 | W4: ='Base Data'!DL5 | Z4: ='Base Data'!DN5 | AA4: ='Base Data'!DO5 | AB4: ='Base Data'!DP5 | AC4: ='Base Data'!DQ5 | AD4: =IF('Base Data'!Y5 = "ots", "YES", "") | AE4: =SWITCH('Base Data'!EN5, "? -> ?", "pending", "--- -> ---", "unranked", " -> ", "", 'Base Data'!EN5) | AF4: =IF(AND('Base Data'!EO5 <> "",'Base Data'!EO5 <> "?",'Base Data'!EO5 <> "---"), 'Base Data'!EO5, "")
B5: =IF('Replay Entries'!C10 <> "", 'Replay Entries'!B10, "") | C5: ='Base Data'!EF6 | D5: =IF('Replay Entries'!C10 <> "", "vs", "") | E5: ='Base Data'!DY6 | F5: ='Base Data'!DZ6 | G5: ='Base Data'!EA6 | H5: ='Base Data'!EB6 | I5: ='Base Data'!EC6 | J5: ='Base Data'!ED6 | K5: ='Base Data'!EE6 | O5: ='Base Data'!DG6 | P5: ='Base Data'!DH6 | Q5: ='Base Data'!DE6 | R5: ='Base Data'!DF6 | T5: ='Base Data'!DI6 | U5: ='Base Data'!DJ6 | V5: ='Base Data'!DK6 | W5: ='Base Data'!DL6 | Z5: ='Base Data'!DN6 | AA5: ='Base Data'!DO6 | AB5: ='Base Data'!DP6 | AC5: ='Base Data'!DQ6 | AD5: =IF('Base Data'!Y6 = "ots", "YES", "") | AE5: =SWITCH('Base Data'!EN6, "? -> ?", "pending", "--- -> ---", "unranked", " -> ", "", 'Base Data'!EN6) | AF5: =IF(AND('Base Data'!EO6 <> "",'Base Data'!EO6 <> "?",'Base Data'!EO6 <> "---"), 'Base Data'!EO6, "")
